--- Session Initialized. Saving to: DATS\netanel&tal_2026A_\42A_Mode3_6.5 19.55.37 ---
Waiting for researcher whitin to start experiment screen...
CAMERA START
MP INITIALIZATION
TRAINING STARTMP START

ROBOT STARTTRAINING: Exercise 
 hello_waving  start
CAMERA: Exercise  hello_waving  start
ROBOT: Exercise  hello_waving  start
ROBOT: Exercise  hello_waving  done
Camera: Wave for start
CAMERA: Exercise   TRAINING: Exercise  hello_waving done  done

Training: start waving
Training: Calibration
CAMERA: init position - please stand in front of the camera with hands to the sides
nose 0.0 0.0 0.0
L_eye_inner 0.0 0.0 0.0
L_eye 0.0 0.0 0.0
L_eye_outer 0.0 0.0 0.0
R_eye_inner 0.0 0.0 0.0
R_eye 0.0 0.0 0.0
R_eye_outer 0.0 0.0 0.0
L_ear 0.0 0.0 0.0
R_ear 0.0 0.0 0.0
L_mouth 0.0 0.0 0.0
R_mouth 0.0 0.0 0.0
L_Shoulder 0.0 0.0 0.0
R_Shoulder 0.0 0.0 0.0
L_Elbow 0.0 0.0 0.0
R_Elbow 0.0 0.0 0.0
L_Wrist 0.0 0.0 0.0
R_Wrist 0.0 0.0 0.0
L_pinky 0.0 0.0 0.0
R_pinky 0.0 0.0 0.0
L_index 0.0 0.0 0.0
R_index 0.0 0.0 0.0
L_thumb 0.0 0.0 0.0
R_thumb 0.0 0.0 0.0
L_Hip 0.0 0.0 0.0
R_Hip 0.0 0.0 0.0
could not calculate the angle
could not calculate the angle
nose 0.0 0.0 0.0
L_eye_inner 0.0 0.0 0.0
L_eye 0.0 0.0 0.0
L_eye_outer 0.0 0.0 0.0
R_eye_inner 0.0 0.0 0.0
R_eye 0.0 0.0 0.0
R_eye_outer 0.0 0.0 0.0
L_ear 0.0 0.0 0.0
R_ear 0.0 0.0 0.0
L_mouth 0.0 0.0 0.0
R_mouth 0.0 0.0 0.0
L_Shoulder 0.0 0.0 0.0
R_Shoulder 0.0 0.0 0.0
L_Elbow 0.0 0.0 0.0
R_Elbow 0.0 0.0 0.0
L_Wrist 0.0 0.0 0.0
R_Wrist 0.0 0.0 0.0
L_pinky 0.0 0.0 0.0
R_pinky 0.0 0.0 0.0
L_index 0.0 0.0 0.0
R_index 0.0 0.0 0.0
L_thumb 0.0 0.0 0.0
R_thumb 0.0 0.0 0.0
L_Hip 0.0 0.0 0.0
R_Hip 0.0 0.0 0.0
could not calculate the angle
could not calculate the angle
nose 0.0 0.0 0.0
L_eye_inner 0.0 0.0 0.0
L_eye 0.0 0.0 0.0
L_eye_outer 0.0 0.0 0.0
R_eye_inner 0.0 0.0 0.0
R_eye 0.0 0.0 0.0
R_eye_outer 0.0 0.0 0.0
L_ear 0.0 0.0 0.0
R_ear 0.0 0.0 0.0
L_mouth 0.0 0.0 0.0
R_mouth 0.0 0.0 0.0
L_Shoulder 0.0 0.0 0.0
R_Shoulder 0.0 0.0 0.0
L_Elbow 0.0 0.0 0.0
R_Elbow 0.0 0.0 0.0
L_Wrist 0.0 0.0 0.0
R_Wrist 0.0 0.0 0.0
L_pinky 0.0 0.0 0.0
R_pinky 0.0 0.0 0.0
L_index 0.0 0.0 0.0
R_index 0.0 0.0 0.0
L_thumb 0.0 0.0 0.0
R_thumb 0.0 0.0 0.0
L_Hip 0.0 0.0 0.0
R_Hip 0.0 0.0 0.0
could not calculate the angle
could not calculate the angle
nose 0.0 0.0 0.0
L_eye_inner 0.0 0.0 0.0
L_eye 0.0 0.0 0.0
L_eye_outer 0.0 0.0 0.0
R_eye_inner 0.0 0.0 0.0
R_eye 0.0 0.0 0.0
R_eye_outer 0.0 0.0 0.0
L_ear 0.0 0.0 0.0
R_ear 0.0 0.0 0.0
L_mouth 0.0 0.0 0.0
R_mouth 0.0 0.0 0.0
L_Shoulder 0.0 0.0 0.0
R_Shoulder 0.0 0.0 0.0
L_Elbow 0.0 0.0 0.0
R_Elbow 0.0 0.0 0.0
L_Wrist 0.0 0.0 0.0
R_Wrist 0.0 0.0 0.0
L_pinky 0.0 0.0 0.0
R_pinky 0.0 0.0 0.0
L_index 0.0 0.0 0.0
R_index 0.0 0.0 0.0
L_thumb 0.0 0.0 0.0
R_thumb 0.0 0.0 0.0
L_Hip 0.0 0.0 0.0
R_Hip 0.0 0.0 0.0
could not calculate the angle
could not calculate the angle
nose 0.0 0.0 0.0
L_eye_inner 0.0 0.0 0.0
L_eye 0.0 0.0 0.0
L_eye_outer 0.0 0.0 0.0
R_eye_inner 0.0 0.0 0.0
R_eye 0.0 0.0 0.0
R_eye_outer 0.0 0.0 0.0
L_ear 0.0 0.0 0.0
R_ear 0.0 0.0 0.0
L_mouth 0.0 0.0 0.0
R_mouth 0.0 0.0 0.0
L_Shoulder 0.0 0.0 0.0
R_Shoulder 0.0 0.0 0.0
L_Elbow 0.0 0.0 0.0
R_Elbow 0.0 0.0 0.0
L_Wrist 0.0 0.0 0.0
R_Wrist 0.0 0.0 0.0
L_pinky 0.0 0.0 0.0
R_pinky 0.0 0.0 0.0
L_index 0.0 0.0 0.0
R_index 0.0 0.0 0.0
L_thumb 0.0 0.0 0.0
R_thumb 0.0 0.0 0.0
L_Hip 0.0 0.0 0.0
R_Hip 0.0 0.0 0.0
could not calculate the angle
could not calculate the angle
nose 0.0 0.0 0.0
L_eye_inner 0.0 0.0 0.0
L_eye 0.0 0.0 0.0
L_eye_outer 0.0 0.0 0.0
R_eye_inner 0.0 0.0 0.0
R_eye 0.0 0.0 0.0
R_eye_outer 0.0 0.0 0.0
L_ear 0.0 0.0 0.0
R_ear 0.0 0.0 0.0
L_mouth 0.0 0.0 0.0
R_mouth 0.0 0.0 0.0
L_Shoulder 0.0 0.0 0.0
R_Shoulder 0.0 0.0 0.0
L_Elbow 0.0 0.0 0.0
R_Elbow 0.0 0.0 0.0
L_Wrist 0.0 0.0 0.0
R_Wrist 0.0 0.0 0.0
L_pinky 0.0 0.0 0.0
R_pinky 0.0 0.0 0.0
L_index 0.0 0.0 0.0
R_index 0.0 0.0 0.0
L_thumb 0.0 0.0 0.0
R_thumb 0.0 0.0 0.0
L_Hip 0.0 0.0 0.0
R_Hip 0.0 0.0 0.0
could not calculate the angle
could not calculate the angle
nose 0.0 0.0 0.0
L_eye_inner 0.0 0.0 0.0
L_eye 0.0 0.0 0.0
L_eye_outer 0.0 0.0 0.0
R_eye_inner 0.0 0.0 0.0
R_eye 0.0 0.0 0.0
R_eye_outer 0.0 0.0 0.0
L_ear 0.0 0.0 0.0
R_ear 0.0 0.0 0.0
L_mouth 0.0 0.0 0.0
R_mouth 0.0 0.0 0.0
L_Shoulder 0.0 0.0 0.0
R_Shoulder 0.0 0.0 0.0
L_Elbow 0.0 0.0 0.0
R_Elbow 0.0 0.0 0.0
L_Wrist 0.0 0.0 0.0
R_Wrist 0.0 0.0 0.0
L_pinky 0.0 0.0 0.0
R_pinky 0.0 0.0 0.0
L_index 0.0 0.0 0.0
R_index 0.0 0.0 0.0
L_thumb 0.0 0.0 0.0
R_thumb 0.0 0.0 0.0
L_Hip 0.0 0.0 0.0
R_Hip 0.0 0.0 0.0
could not calculate the angle
could not calculate the angle
nose 0.0 0.0 0.0
L_eye_inner 0.0 0.0 0.0
L_eye 0.0 0.0 0.0
L_eye_outer 0.0 0.0 0.0
R_eye_inner 0.0 0.0 0.0
R_eye 0.0 0.0 0.0
R_eye_outer 0.0 0.0 0.0
L_ear 0.0 0.0 0.0
R_ear 0.0 0.0 0.0
L_mouth 0.0 0.0 0.0
R_mouth 0.0 0.0 0.0
L_Shoulder 0.0 0.0 0.0
R_Shoulder 0.0 0.0 0.0
L_Elbow 0.0 0.0 0.0
R_Elbow 0.0 0.0 0.0
L_Wrist 0.0 0.0 0.0
R_Wrist 0.0 0.0 0.0
L_pinky 0.0 0.0 0.0
R_pinky 0.0 0.0 0.0
L_index 0.0 0.0 0.0
R_index 0.0 0.0 0.0
L_thumb 0.0 0.0 0.0
R_thumb 0.0 0.0 0.0
L_Hip 0.0 0.0 0.0
R_Hip 0.0 0.0 0.0
could not calculate the angle
could not calculate the angle
nose 0.0 0.0 0.0
L_eye_inner 0.0 0.0 0.0
L_eye 0.0 0.0 0.0
L_eye_outer 0.0 0.0 0.0
R_eye_inner 0.0 0.0 0.0
R_eye 0.0 0.0 0.0
R_eye_outer 0.0 0.0 0.0
L_ear 0.0 0.0 0.0
R_ear 0.0 0.0 0.0
L_mouth 0.0 0.0 0.0
R_mouth 0.0 0.0 0.0
L_Shoulder 0.0 0.0 0.0
R_Shoulder 0.0 0.0 0.0
L_Elbow 0.0 0.0 0.0
R_Elbow 0.0 0.0 0.0
L_Wrist 0.0 0.0 0.0
R_Wrist 0.0 0.0 0.0
L_pinky 0.0 0.0 0.0
R_pinky 0.0 0.0 0.0
L_index 0.0 0.0 0.0
R_index 0.0 0.0 0.0
L_thumb 0.0 0.0 0.0
R_thumb 0.0 0.0 0.0
L_Hip 0.0 0.0 0.0
R_Hip 0.0 0.0 0.0
could not calculate the angle
could not calculate the angle
nose 0.0 0.0 0.0
L_eye_inner 0.0 0.0 0.0
L_eye 0.0 0.0 0.0
L_eye_outer 0.0 0.0 0.0
R_eye_inner 0.0 0.0 0.0
R_eye 0.0 0.0 0.0
R_eye_outer 0.0 0.0 0.0
L_ear 0.0 0.0 0.0
R_ear 0.0 0.0 0.0
L_mouth 0.0 0.0 0.0
R_mouth 0.0 0.0 0.0
L_Shoulder 0.0 0.0 0.0
R_Shoulder 0.0 0.0 0.0
L_Elbow 0.0 0.0 0.0
R_Elbow 0.0 0.0 0.0
L_Wrist 0.0 0.0 0.0
R_Wrist 0.0 0.0 0.0
L_pinky 0.0 0.0 0.0
R_pinky 0.0 0.0 0.0
L_index 0.0 0.0 0.0
R_index 0.0 0.0 0.0
L_thumb 0.0 0.0 0.0
R_thumb 0.0 0.0 0.0
L_Hip 0.0 0.0 0.0
R_Hip 0.0 0.0 0.0
could not calculate the angle
could not calculate the angle
nose 0.0 0.0 0.0
L_eye_inner 0.0 0.0 0.0
L_eye 0.0 0.0 0.0
L_eye_outer 0.0 0.0 0.0
R_eye_inner 0.0 0.0 0.0
R_eye 0.0 0.0 0.0
R_eye_outer 0.0 0.0 0.0
L_ear 0.0 0.0 0.0
R_ear 0.0 0.0 0.0
L_mouth 0.0 0.0 0.0
R_mouth 0.0 0.0 0.0
L_Shoulder 0.0 0.0 0.0
R_Shoulder 0.0 0.0 0.0
L_Elbow 0.0 0.0 0.0
R_Elbow 0.0 0.0 0.0
L_Wrist 0.0 0.0 0.0
R_Wrist 0.0 0.0 0.0
L_pinky 0.0 0.0 0.0
R_pinky 0.0 0.0 0.0
L_index 0.0 0.0 0.0
R_index 0.0 0.0 0.0
L_thumb 0.0 0.0 0.0
R_thumb 0.0 0.0 0.0
L_Hip 0.0 0.0 0.0
R_Hip 0.0 0.0 0.0
could not calculate the angle
could not calculate the angle
nose 0.0 0.0 0.0
L_eye_inner 0.0 0.0 0.0
L_eye 0.0 0.0 0.0
L_eye_outer 0.0 0.0 0.0
R_eye_inner 0.0 0.0 0.0
R_eye 0.0 0.0 0.0
R_eye_outer 0.0 0.0 0.0
L_ear 0.0 0.0 0.0
R_ear 0.0 0.0 0.0
L_mouth 0.0 0.0 0.0
R_mouth 0.0 0.0 0.0
L_Shoulder 0.0 0.0 0.0
R_Shoulder 0.0 0.0 0.0
L_Elbow 0.0 0.0 0.0
R_Elbow 0.0 0.0 0.0
L_Wrist 0.0 0.0 0.0
R_Wrist 0.0 0.0 0.0
L_pinky 0.0 0.0 0.0
R_pinky 0.0 0.0 0.0
L_index 0.0 0.0 0.0
R_index 0.0 0.0 0.0
L_thumb 0.0 0.0 0.0
R_thumb 0.0 0.0 0.0
L_Hip 0.0 0.0 0.0
R_Hip 0.0 0.0 0.0
could not calculate the angle
could not calculate the angle
nose 293.4965515136719 -56.66050314903259 -3.5692423582077026
L_eye_inner 295.37506103515625 -46.92054748535156 0.6557369139045477
L_eye 296.36463165283203 -46.01469397544861 0.6658916361629963
L_eye_outer 297.4183654785156 -45.09221434593201 0.6815762259066105
R_eye_inner 295.2150344848633 -47.41881251335144 -4.072979837656021
R_eye 295.8622360229492 -46.90603852272034 -4.075246676802635
R_eye_outer 296.34191513061523 -46.45919322967529 -4.059839621186256
L_ear 308.57669830322266 -43.750741481781006 12.560538947582245
R_ear 307.80630111694336 -44.96541380882263 -8.778692036867142
L_mouth 299.19551849365234 -62.30285167694092 -0.11383409146219492
R_mouth 299.3220520019531 -63.49043369293213 -6.190328672528267
L_Shoulder 334.06551361083984 -75.0286602973938 22.708065807819366
R_Shoulder 362.82222747802734 -82.70381212234497 -23.004035651683807
L_Elbow 305.38440704345703 -155.2355146408081 26.69009566307068
R_Elbow 0.0 0.0 0.0
L_Wrist 270.0334167480469 -89.69600200653076 17.761369049549103
R_Wrist 0.0 0.0 0.0
L_pinky 262.360897064209 -70.96595764160156 18.987268209457397
R_pinky 0.0 0.0 0.0
L_index 271.6998863220215 -65.75122833251953 16.568785905838013
R_index 0.0 0.0 0.0
L_thumb 276.3385581970215 -71.66179418563843 16.253452003002167
R_thumb 293.47280502319336 -90.60755968093872 -50.452721118927
L_Hip 334.2647171020508 -234.43490982055664 14.754003286361694
R_Hip 356.7415237426758 -236.56464099884033 -14.765337109565735
nose 293.0166244506836 -75.39221048355103 -17.341923713684082
L_eye_inner 293.095703125 -66.95375204086304 -11.8203803896904
L_eye 292.47631072998047 -66.7056155204773 -11.812978982925415
L_eye_outer 292.7066993713379 -66.42539262771606 -11.798714101314545
R_eye_inner 296.70764923095703 -66.18877172470093 -15.683826804161072
R_eye 298.71774673461914 -65.44523477554321 -15.688998997211456
R_eye_outer 300.6010437011719 -64.65450525283813 -15.672603249549866
L_ear 297.7384567260742 -66.19584560394287 5.476658791303635
R_ear 309.199275970459 -64.1512942314148 -12.083104997873306
L_mouth 296.50745391845703 -80.01510858535767 -12.120543420314789
R_mouth 299.5315933227539 -79.71198320388794 -17.08052307367325
L_Shoulder 303.2796096801758 -92.33776330947876 15.014591813087463
R_Shoulder 367.3284149169922 -108.64927768707275 -17.09463894367218
L_Elbow 272.6570129394531 -164.6783208847046 8.91672745347023
R_Elbow 0.0 0.0 0.0
L_Wrist 255.12325286865234 -118.54403257369995 -14.49722945690155
R_Wrist 0.0 0.0 0.0
L_pinky 250.5550765991211 -99.72624063491821 -16.00068509578705
R_pinky 0.0 0.0 0.0
L_index 257.40428924560547 -93.48217248916626 -18.83496344089508
R_index 0.0 0.0 0.0
L_thumb 259.5179748535156 -101.28147840499878 -16.54651015996933
R_thumb 0.0 0.0 0.0
L_Hip 303.293399810791 -245.82767486572266 10.802731662988663
R_Hip 353.50276947021484 -251.77977561950684 -10.768363624811172
nose 291.41979217529297 -81.77308559417725 -18.378639221191406
L_eye_inner 291.57217025756836 -73.1136417388916 -12.979400157928467
L_eye 290.4963684082031 -72.90419340133667 -12.97290176153183
L_eye_outer 289.36397552490234 -72.70197629928589 -12.958964705467224
R_eye_inner 296.3486862182617 -72.3189640045166 -16.273561120033264
R_eye 298.77811431884766 -71.64692401885986 -16.27614200115204
R_eye_outer 301.191463470459 -70.9984803199768 -16.2597194314003
L_ear 292.17687606811523 -72.38839387893677 4.103253409266472
R_ear 308.8385009765625 -70.61356544494629 -9.991852939128876
L_mouth 292.60000228881836 -87.02613115310669 -13.318708539009094
R_mouth 297.6662254333496 -86.55529260635376 -17.576071619987488
L_Shoulder 293.575496673584 -97.97271966934204 13.40552568435669
R_Shoulder 365.73596954345703 -114.43209171295166 -13.407762348651886
L_Elbow 263.93260955810547 -167.01062679290771 3.4412138164043427
R_Elbow 0.0 0.0 0.0
L_Wrist 248.2627296447754 -137.8809642791748 -24.138395488262177
R_Wrist 0.0 0.0 0.0
L_pinky 246.71749114990234 -119.75205659866333 -26.566633582115173
R_pinky 0.0 0.0 0.0
L_index 253.70525360107422 -114.84171867370605 -29.15460765361786
R_index 0.0 0.0 0.0
L_thumb 254.41020965576172 -117.82506465911865 -26.169225573539734
R_thumb 0.0 0.0 0.0
L_Hip 293.29050064086914 -250.67968368530273 9.862719476222992
R_Hip 341.71791076660156 -256.1458683013916 -9.811552613973618
nose 290.1047134399414 -84.44379329681396 -18.107667565345764
L_eye_inner 289.9558639526367 -76.51931047439575 -12.608321011066437
L_eye 288.6025047302246 -76.45199060440063 -12.602022290229797
L_eye_outer 287.0954895019531 -76.37535810470581 -12.587979435920715
R_eye_inner 295.26744842529297 -75.51178693771362 -15.844887495040894
R_eye 297.87723541259766 -74.82720851898193 -15.846103429794312
R_eye_outer 300.55471420288086 -74.17235612869263 -15.827903151512146
L_ear 289.3397903442383 -76.28601551055908 4.44163866341114
R_ear 308.25801849365234 -73.73927593231201 -9.938441216945648
L_mouth 290.4024314880371 -89.95184183120728 -13.147088885307312
R_mouth 296.223087310791 -89.10649538040161 -17.287130653858185
L_Shoulder 289.46563720703125 -101.84361934661865 14.036163687705994
R_Shoulder 362.99083709716797 -116.52647495269775 -12.40963563323021
L_Elbow 259.60168838500977 -169.7885227203369 5.510718747973442
R_Elbow 0.0 0.0 0.0
L_Wrist 246.45061492919922 -134.09368515014648 -21.567852795124054
R_Wrist 0.0 0.0 0.0
L_pinky 241.72771453857422 -116.7804765701294 -23.84190261363983
R_pinky 0.0 0.0 0.0
L_index 248.74691009521484 -110.04671573638916 -26.819902658462524
R_index 0.0 0.0 0.0
L_thumb 250.72023391723633 -115.08645057678223 -23.72564822435379
R_thumb 0.0 0.0 0.0
L_Hip 289.521427154541 -254.02911186218262 9.978260099887848
R_Hip 338.5991668701172 -258.30814361572266 -9.927888959646225
nose 287.9665756225586 -85.79958915710449 -18.73471438884735
L_eye_inner 288.05673599243164 -78.1500506401062 -13.39363157749176
L_eye 286.654109954834 -78.07562828063965 -13.387641310691833
L_eye_outer 285.05971908569336 -77.9833173751831 -13.374175131320953
R_eye_inner 293.3338928222656 -77.33279228210449 -16.400334239006042
R_eye 295.87657928466797 -76.77967071533203 -16.40119105577469
R_eye_outer 298.54894638061523 -76.25980854034424 -16.38186126947403
L_ear 286.74251556396484 -78.4926438331604 3.327755630016327
R_ear 306.1490821838379 -76.65551662445068 -9.989885985851288
L_mouth 287.73889541625977 -91.36444330215454 -13.894781470298767
R_mouth 293.5329055786133 -90.58311939239502 -17.741261422634125
L_Shoulder 282.33774185180664 -104.26476716995239 12.786474823951721
R_Shoulder 358.21937561035156 -118.38593244552612 -11.911161988973618
L_Elbow 255.77064514160156 -171.42220973968506 4.4893719255924225
R_Elbow 0.0 0.0 0.0
L_Wrist 244.99761581420898 -135.3182029724121 -22.202515602111816
R_Wrist 0.0 0.0 0.0
L_pinky 239.47757720947266 -118.11588048934937 -24.506422877311707
R_pinky 0.0 0.0 0.0
L_index 245.90782165527344 -111.11688137054443 -27.624303102493286
R_index 0.0 0.0 0.0
L_thumb 0.0 0.0 0.0
R_thumb 0.0 0.0 0.0
L_Hip 285.1478958129883 -256.0751438140869 9.437619894742966
R_Hip 335.2702331542969 -259.91400718688965 -9.385423362255096
nose 280.911922454834 -92.40926027297974 -21.032321453094482
L_eye_inner 281.23809814453125 -84.70875978469849 -15.561909973621368
L_eye 280.0819778442383 -84.51913118362427 -15.555717051029205
L_eye_outer 278.72806549072266 -84.29823875427246 -15.541662275791168
R_eye_inner 285.6357192993164 -84.12744283676147 -18.241414427757263
R_eye 287.7803039550781 -83.59062194824219 -18.243078887462616
R_eye_outer 290.03957748413086 -83.06598901748657 -18.224498629570007
L_ear 280.38089752197266 -84.50941801071167 1.5639085322618484
R_ear 297.96459197998047 -83.32230806350708 -10.135865211486816
L_mouth 281.2188720703125 -97.65056848526001 -16.09998196363449
R_mouth 286.071720123291 -97.2000503540039 -19.532950222492218
L_Shoulder 273.4063720703125 -110.11844873428345 10.206271708011627
R_Shoulder 350.3350067138672 -123.57429027557373 -11.106710135936737
L_Elbow 250.15382766723633 -179.6559476852417 0.6437879987061024
R_Elbow 0.0 0.0 0.0
L_Wrist 241.70703887939453 -153.83633136749268 -27.538076043128967
R_Wrist 0.0 0.0 0.0
L_pinky 0.0 0.0 0.0
R_pinky 0.0 0.0 0.0
L_index 0.0 0.0 0.0
R_index 0.0 0.0 0.0
L_thumb 0.0 0.0 0.0
R_thumb 0.0 0.0 0.0
L_Hip 278.6995506286621 -257.38125801086426 8.426577597856522
R_Hip 328.5160827636719 -261.12650871276855 -8.373551815748215
nose 278.559627532959 -94.54052925109863 -22.121334075927734
L_eye_inner 278.6424255371094 -87.17111349105835 -16.691502928733826
L_eye 277.47920989990234 -87.0932149887085 -16.685383021831512
L_eye_outer 276.1159324645996 -86.99440956115723 -16.6708841919899
R_eye_inner 282.94275283813477 -86.44066572189331 -19.294877350330353
R_eye 285.0492858886719 -85.89848041534424 -19.2962184548378
R_eye_outer 287.2846031188965 -85.38754463195801 -19.27710324525833
L_ear 277.48138427734375 -87.36153602600098 0.37861589808017015
R_ear 294.9016761779785 -85.82220554351807 -10.995735973119736
L_mouth 278.6722183227539 -100.12822151184082 -17.203034460544586
R_mouth 283.5343933105469 -99.52998876571655 -20.527109503746033
L_Shoulder 269.1311264038086 -112.71140098571777 9.518732130527496
R_Shoulder 347.2193145751953 -125.5726146697998 -11.72434687614441
L_Elbow 247.7046012878418 -180.9774684906006 1.3881033286452293
R_Elbow 0.0 0.0 0.0
L_Wrist 0.0 0.0 0.0
R_Wrist 0.0 0.0 0.0
L_pinky 0.0 0.0 0.0
R_pinky 0.0 0.0 0.0
L_index 0.0 0.0 0.0
R_index 0.0 0.0 0.0
L_thumb 0.0 0.0 0.0
R_thumb 0.0 0.0 0.0
L_Hip 275.41446685791016 -257.8539848327637 8.499754965305328
R_Hip 326.02039337158203 -261.4838218688965 -8.449994027614594
nose 275.62255859375 -96.5411925315857 -22.399194538593292
L_eye_inner 275.4010009765625 -89.30645227432251 -16.98193848133087
L_eye 274.27255630493164 -89.22520637512207 -16.975317895412445
L_eye_outer 272.98717498779297 -89.13449048995972 -16.961249709129333
R_eye_inner 279.6321487426758 -88.58977317810059 -19.632741808891296
R_eye 281.70665740966797 -88.04505586624146 -19.63381916284561
R_eye_outer 283.9219093322754 -87.55581378936768 -19.61502730846405
L_ear 274.29447174072266 -89.66346502304077 -0.05877172225154936
R_ear 291.42208099365234 -88.0675721168518 -11.70792356133461
L_mouth 275.617733001709 -102.10835695266724 -17.505495250225067
R_mouth 280.44153213500977 -101.44594430923462 -20.877356827259064
L_Shoulder 264.8361587524414 -115.25272607803345 9.448762238025665
R_Shoulder 343.38687896728516 -127.70719528198242 -12.337304651737213
L_Elbow 243.34089279174805 -181.7722463607788 0.37324526347219944
R_Elbow 0.0 0.0 0.0
L_Wrist 0.0 0.0 0.0
R_Wrist 0.0 0.0 0.0
L_pinky 0.0 0.0 0.0
R_pinky 0.0 0.0 0.0
L_index 0.0 0.0 0.0
R_index 0.0 0.0 0.0
L_thumb 0.0 0.0 0.0
R_thumb 0.0 0.0 0.0
L_Hip 271.38174057006836 -258.3842182159424 8.38107168674469
R_Hip 322.01953887939453 -262.0813465118408 -8.332635462284088
nose 268.47972869873047 -100.72486639022827 -22.328440845012665
L_eye_inner 268.42275619506836 -93.62553834915161 -17.111659049987793
L_eye 267.25372314453125 -93.52487325668335 -17.107045650482178
L_eye_outer 265.9053421020508 -93.41771364212036 -17.093926668167114
R_eye_inner 272.8017807006836 -92.90850162506104 -19.417013227939606
R_eye 274.9502944946289 -92.39351749420166 -19.416800141334534
R_eye_outer 277.1591567993164 -91.97012186050415 -19.399701058864594
L_ear 267.26104736328125 -93.84297609329224 -0.903821736574173
R_ear 284.6536636352539 -92.5596570968628 -11.476685851812363
L_mouth 268.1801986694336 -105.86694002151489 -17.707911133766174
R_mouth 273.09497833251953 -105.1915454864502 -20.641498267650604
L_Shoulder 253.02804946899414 -118.61629486083984 7.66959935426712
R_Shoulder 334.42134857177734 -132.77079105377197 -11.026576906442642
L_Elbow 233.15139770507812 -185.13888359069824 -3.183143213391304
R_Elbow 0.0 0.0 0.0
L_Wrist 0.0 0.0 0.0
R_Wrist 0.0 0.0 0.0
L_pinky 0.0 0.0 0.0
R_pinky 0.0 0.0 0.0
L_index 0.0 0.0 0.0
R_index 0.0 0.0 0.0
L_thumb 0.0 0.0 0.0
R_thumb 0.0 0.0 0.0
L_Hip 262.56567001342773 -259.2205238342285 7.781825959682465
R_Hip 312.840576171875 -262.2041416168213 -7.733006775379181
nose 263.67053985595703 -102.16555595397949 -22.449257969856262
L_eye_inner 263.09276580810547 -95.80867767333984 -17.305520176887512
L_eye 261.9492530822754 -95.69922924041748 -17.30339229106903
L_eye_outer 260.611515045166 -95.6336760520935 -17.290249466896057
R_eye_inner 267.48363494873047 -95.39581060409546 -19.481582939624786
R_eye 269.53176498413086 -95.0698184967041 -19.48065012693405
R_eye_outer 271.6862106323242 -94.81738328933716 -19.46491152048111
L_ear 261.6017723083496 -96.75935983657837 -1.4016686007380486
R_ear 278.77233505249023 -95.88616132736206 -11.094071716070175
L_mouth 263.2796096801758 -107.40420341491699 -17.919421195983887
R_mouth 268.14762115478516 -106.91601991653442 -20.668503642082214
L_Shoulder 243.79697799682617 -122.70871639251709 6.498283892869949
R_Shoulder 326.0329055786133 -136.23963832855225 -10.412303358316422
L_Elbow 224.41326141357422 -186.40952110290527 -2.315247431397438
R_Elbow 0.0 0.0 0.0
L_Wrist 0.0 0.0 0.0
R_Wrist 0.0 0.0 0.0
L_pinky 0.0 0.0 0.0
R_pinky 0.0 0.0 0.0
L_index 0.0 0.0 0.0
R_index 0.0 0.0 0.0
L_thumb 0.0 0.0 0.0
R_thumb 0.0 0.0 0.0
L_Hip 253.01443099975586 -260.01514434814453 6.919474899768829
R_Hip 301.5098571777344 -262.6736640930176 -6.885810941457748
nose 258.8962936401367 -102.99742698669434 -24.05085563659668
L_eye_inner 257.34155654907227 -96.87537431716919 -19.054609537124634
L_eye 255.9811019897461 -96.78467988967896 -19.053342938423157
L_eye_outer 254.40311431884766 -96.78593158721924 -19.03861314058304
R_eye_inner 262.0848083496094 -96.34428262710571 -20.85418403148651
R_eye 264.33908462524414 -95.87355852127075 -20.854485034942627
R_eye_outer 266.81604385375977 -95.4838514328003 -20.8425372838974
L_ear 254.48200225830078 -98.00046443939209 -3.28407920897007
R_ear 274.1943359375 -96.64981842041016 -11.383336782455444
L_mouth 258.4334182739258 -108.27690839767456 -19.561687111854553
R_mouth 263.62539291381836 -107.7409315109253 -21.8562513589859
L_Shoulder 237.62554168701172 -124.35922622680664 3.970588743686676
R_Shoulder 317.1560287475586 -137.34769821166992 -9.535346925258636
L_Elbow 217.49187469482422 -188.9047908782959 -11.535755544900894
R_Elbow 343.9183807373047 -197.6475477218628 -20.849473774433136
L_Wrist 0.0 0.0 0.0
R_Wrist 0.0 0.0 0.0
L_pinky 0.0 0.0 0.0
R_pinky 0.0 0.0 0.0
L_index 0.0 0.0 0.0
R_index 0.0 0.0 0.0
L_thumb 0.0 0.0 0.0
R_thumb 0.0 0.0 0.0
L_Hip 244.3001365661621 -259.37281608581543 6.4318254590034485
R_Hip 292.02341079711914 -262.14749336242676 -6.398431211709976
nose 254.50119018554688 -104.7423005104065 -26.597103476524353
L_eye_inner 253.4688377380371 -98.19725275039673 -21.704833209514618
L_eye 252.19091415405273 -98.12899589538574 -21.702571213245392
L_eye_outer 250.6723976135254 -98.1736707687378 -21.688561141490936
R_eye_inner 258.01416397094727 -97.52411842346191 -23.378917574882507
R_eye 260.18239974975586 -96.99018716812134 -23.3782097697258
R_eye_outer 262.5306701660156 -96.55383110046387 -23.365822434425354
L_ear 251.28536224365234 -99.1528058052063 -6.00522942841053
R_ear 270.2836608886719 -97.51921892166138 -13.61054927110672
L_mouth 254.34486389160156 -110.09695529937744 -22.15716391801834
R_mouth 259.23248291015625 -109.37614917755127 -24.31093156337738
L_Shoulder 234.4048309326172 -125.32207489013672 2.1076787263154984
R_Shoulder 313.2062339782715 -137.92573928833008 -10.03984808921814
L_Elbow 214.50489044189453 -189.53770637512207 -14.123131334781647
R_Elbow 339.2127227783203 -197.6784610748291 -21.087560057640076
L_Wrist 0.0 0.0 0.0
R_Wrist 0.0 0.0 0.0
L_pinky 0.0 0.0 0.0
R_pinky 0.0 0.0 0.0
L_index 0.0 0.0 0.0
R_index 0.0 0.0 0.0
L_thumb 0.0 0.0 0.0
R_thumb 0.0 0.0 0.0
L_Hip 239.67138290405273 -259.2520523071289 6.744758784770966
R_Hip 287.6845932006836 -262.24931716918945 -6.709250062704086
nose 254.18540954589844 -104.63931798934937 -27.687805891036987
L_eye_inner 252.73122787475586 -98.33089113235474 -22.87212312221527
L_eye 251.28559112548828 -98.33579778671265 -22.870829701423645
L_eye_outer 249.58391189575195 -98.47261905670166 -22.856876254081726
R_eye_inner 257.38698959350586 -97.68909931182861 -24.420984089374542
R_eye 259.5387268066406 -97.20767498016357 -24.419577419757843
R_eye_outer 261.84499740600586 -96.83568477630615 -24.407565593719482
L_ear 249.27968978881836 -99.99491930007935 -7.27633461356163
R_ear 268.8399887084961 -98.2280445098877 -14.365264773368835
L_mouth 253.08908462524414 -110.44375419616699 -23.258157074451447
R_mouth 258.282527923584 -109.48843717575073 -25.252506136894226
L_Shoulder 231.5460205078125 -126.7608118057251 0.9954174049198627
R_Shoulder 308.8270568847656 -137.766695022583 -10.44406145811081
L_Elbow 211.31338119506836 -189.6338653564453 -15.51920473575592
R_Elbow 335.5249786376953 -197.62001037597656 -21.437790989875793
L_Wrist 0.0 0.0 0.0
R_Wrist 0.0 0.0 0.0
L_pinky 0.0 0.0 0.0
R_pinky 0.0 0.0 0.0
L_index 0.0 0.0 0.0
R_index 0.0 0.0 0.0
L_thumb 0.0 0.0 0.0
R_thumb 0.0 0.0 0.0
L_Hip 237.51943588256836 -258.9598274230957 6.884627044200897
R_Hip 284.20154571533203 -261.69121742248535 -6.8492092192173
nose 252.5894546508789 -104.43176507949829 -25.986629724502563
L_eye_inner 250.9524154663086 -98.25474500656128 -20.862679183483124
L_eye 249.41944122314453 -98.26259851455688 -20.85977792739868
L_eye_outer 247.60839462280273 -98.40358257293701 -20.84585130214691
R_eye_inner 255.77386856079102 -97.63609170913696 -23.2342928647995
R_eye 257.9323959350586 -97.19132423400879 -23.23794662952423
R_eye_outer 260.2571105957031 -96.87437295913696 -23.219260573387146
L_ear 247.06016540527344 -100.19843816757202 -5.186875909566879
R_ear 267.3213577270508 -98.58057975769043 -12.528939545154572
L_mouth 251.28162384033203 -110.31571626663208 -21.353992819786072
R_mouth 256.7649269104004 -109.30150508880615 -24.85595941543579
L_Shoulder 229.8181915283203 -127.34790802001953 2.138296701014042
R_Shoulder 305.91732025146484 -138.17323207855225 -9.32968333363533
L_Elbow 209.50315475463867 -189.9294376373291 -14.974921941757202
R_Elbow 333.40869903564453 -197.5179147720337 -21.473193168640137
L_Wrist 0.0 0.0 0.0
R_Wrist 0.0 0.0 0.0
L_pinky 0.0 0.0 0.0
R_pinky 0.0 0.0 0.0
L_index 0.0 0.0 0.0
R_index 0.0 0.0 0.0
L_thumb 0.0 0.0 0.0
R_thumb 0.0 0.0 0.0
L_Hip 236.0416030883789 -258.5874652862549 6.646560877561569
R_Hip 281.45389556884766 -261.0821342468262 -6.610753387212753
nose 250.88014602661133 -104.67039585113525 -26.145607233047485
L_eye_inner 249.28112030029297 -98.56529474258423 -21.379992365837097
L_eye 247.75373458862305 -98.57632398605347 -21.37957513332367
L_eye_outer 245.89916229248047 -98.74759912490845 -21.36554718017578
R_eye_inner 253.93062591552734 -98.02803754806519 -23.070161044597626
R_eye 256.03485107421875 -97.63412475585938 -23.06983172893524
R_eye_outer 258.3356285095215 -97.37107515335083 -23.05663377046585
L_ear 244.97987747192383 -100.77058553695679 -6.002607941627502
R_ear 265.1908493041992 -99.25370693206787 -12.815569341182709
L_mouth 249.31133270263672 -110.75215101242065 -21.679994463920593
R_mouth 254.5702362060547 -109.80958700180054 -23.997990787029266
L_Shoulder 228.10697555541992 -127.89414882659912 0.9819143451750278
R_Shoulder 303.10937881469727 -138.7322759628296 -9.76003184914589
L_Elbow 207.74320602416992 -190.08019924163818 -16.930875182151794
R_Elbow 332.30030059814453 -197.51315116882324 -21.85014933347702
L_Wrist 0.0 0.0 0.0
R_Wrist 0.0 0.0 0.0
L_pinky 0.0 0.0 0.0
R_pinky 0.0 0.0 0.0
L_index 0.0 0.0 0.0
R_index 0.0 0.0 0.0
L_thumb 0.0 0.0 0.0
R_thumb 0.0 0.0 0.0
L_Hip 234.35026168823242 -257.89801597595215 6.706692278385162
R_Hip 279.02660369873047 -260.6525230407715 -6.6705018281936646
nose 245.89960098266602 -110.09353637695312 -32.27732479572296
L_eye_inner 244.04882431030273 -104.88208293914795 -27.590805292129517
L_eye 242.21271514892578 -105.14388799667358 -27.591827511787415
L_eye_outer 240.05905151367188 -105.49728870391846 -27.57769227027893
R_eye_inner 249.3351936340332 -104.01731014251709 -28.94408106803894
R_eye 251.56696319580078 -103.65175008773804 -28.94025444984436
R_eye_outer 253.79728317260742 -103.3773422241211 -28.930485248565674
L_ear 238.5335922241211 -107.22307920455933 -11.597190797328949
R_ear 259.68847274780273 -104.43066358566284 -17.6318496465683
L_mouth 244.11136627197266 -115.75437068939209 -27.580052614212036
R_mouth 249.69175338745117 -114.66663837432861 -29.286086559295654
L_Shoulder 222.67282485961914 -132.03922748565674 -2.0454753190279007
R_Shoulder 296.11751556396484 -140.93350410461426 -13.744744658470154
L_Elbow 204.63329315185547 -192.13740348815918 -18.64813268184662
R_Elbow 325.2322006225586 -197.20431804656982 -24.833622574806213
L_Wrist 0.0 0.0 0.0
R_Wrist 0.0 0.0 0.0
L_pinky 0.0 0.0 0.0
R_pinky 0.0 0.0 0.0
L_index 0.0 0.0 0.0
R_index 0.0 0.0 0.0
L_thumb 0.0 0.0 0.0
R_thumb 0.0 0.0 0.0
L_Hip 228.22477340698242 -257.909631729126 7.131074368953705
R_Hip 272.29915618896484 -260.6106948852539 -7.098648697137833
nose 243.79148483276367 -113.63215684890747 -22.03242778778076
L_eye_inner 241.50558471679688 -108.66369009017944 -17.61273443698883
L_eye 239.7893524169922 -108.96132946014404 -17.61550009250641
L_eye_outer 237.71024703979492 -109.39945220947266 -17.60532408952713
R_eye_inner 246.27681732177734 -107.93931484222412 -18.805646896362305
R_eye 248.22139739990234 -107.65848398208618 -18.80396455526352
R_eye_outer 250.34748077392578 -107.45485782623291 -18.794333934783936
L_ear 235.7094955444336 -111.66302919387817 -3.3852554857730865
R_ear 256.3828468322754 -108.75484943389893 -8.804233372211456
L_mouth 241.8083381652832 -119.19788360595703 -17.962978780269623
R_mouth 247.40657806396484 -118.26759338378906 -19.459719955921173
L_Shoulder 220.57065963745117 -135.327787399292 0.7990758866071701
R_Shoulder 292.01669692993164 -143.5653591156006 -5.311904102563858
L_Elbow 203.69243621826172 -191.45825386047363 -18.549926578998566
R_Elbow 323.4082794189453 -197.1718454360962 -17.65168160200119
L_Wrist 0.0 0.0 0.0
R_Wrist 0.0 0.0 0.0
L_pinky 0.0 0.0 0.0
R_pinky 0.0 0.0 0.0
L_index 0.0 0.0 0.0
R_index 0.0 0.0 0.0
L_thumb 0.0 0.0 0.0
R_thumb 0.0 0.0 0.0
L_Hip 228.39235305786133 -255.68936347961426 5.818106979131699
R_Hip 270.5250930786133 -257.5507164001465 -5.755975842475891
nose 241.45000457763672 -119.85696315765381 -23.627610504627228
L_eye_inner 239.2479705810547 -114.87898349761963 -19.064868986606598
L_eye 237.5615692138672 -115.07092952728271 -19.06551569700241
L_eye_outer 235.68340301513672 -115.40311574935913 -19.052821397781372
R_eye_inner 244.09303665161133 -114.2508602142334 -20.549054443836212
R_eye 246.11970901489258 -113.95954370498657 -20.5476313829422
R_eye_outer 248.25929641723633 -113.75153303146362 -20.537349581718445
L_ear 233.8349723815918 -117.41902828216553 -4.207303375005722
R_ear 254.32323455810547 -115.057532787323 -10.86004227399826
L_mouth 239.16400909423828 -125.25411128997803 -19.341810047626495
R_mouth 244.75927352905273 -124.40182685852051 -21.164706349372864
L_Shoulder 218.36563110351562 -140.3052520751953 1.5958622097969055
R_Shoulder 287.90185928344727 -148.14818859100342 -7.326044142246246
L_Elbow 201.12730026245117 -194.5903730392456 -16.92816913127899
R_Elbow 317.62399673461914 -198.7155818939209 -18.868090212345123
L_Wrist 0.0 0.0 0.0
R_Wrist 0.0 0.0 0.0
L_pinky 0.0 0.0 0.0
R_pinky 0.0 0.0 0.0
L_index 0.0 0.0 0.0
R_index 0.0 0.0 0.0
L_thumb 0.0 0.0 0.0
R_thumb 0.0 0.0 0.0
L_Hip 227.14405059814453 -254.1082763671875 5.807586759328842
R_Hip 267.7895736694336 -255.68655967712402 -5.751409009099007
nose 241.20365142822266 -120.87780475616455 -23.839955031871796
L_eye_inner 238.83234024047852 -116.18473291397095 -19.353924691677094
L_eye 237.11658477783203 -116.39118432998657 -19.354495406150818
L_eye_outer 235.20038604736328 -116.76562070846558 -19.342562556266785
R_eye_inner 243.65039825439453 -115.59451103210449 -20.768141746520996
R_eye 245.6430435180664 -115.33717632293701 -20.76701670885086
R_eye_outer 247.73330688476562 -115.16685247421265 -20.75776755809784
L_ear 233.1866455078125 -119.14034128189087 -4.309683293104172
R_ear 253.77182006835938 -116.69589757919312 -11.01175919175148
L_mouth 238.83718490600586 -126.29158973693848 -19.586344063282013
R_mouth 244.45289611816406 -125.5092716217041 -21.33406698703766
L_Shoulder 218.11410903930664 -141.91612243652344 1.4175166375935078
R_Shoulder 286.6392135620117 -149.70484256744385 -7.189163565635681
L_Elbow 201.0099983215332 -195.22544860839844 -17.12692230939865
R_Elbow 315.7610511779785 -199.51799869537354 -18.512555956840515
L_Wrist 0.0 0.0 0.0
R_Wrist 0.0 0.0 0.0
L_pinky 0.0 0.0 0.0
R_pinky 0.0 0.0 0.0
L_index 0.0 0.0 0.0
R_index 0.0 0.0 0.0
L_thumb 0.0 0.0 0.0
R_thumb 0.0 0.0 0.0
L_Hip 227.3074722290039 -254.13848876953125 5.86092472076416
R_Hip 267.1749496459961 -255.45473098754883 -5.80175593495369
nose 241.03042602539062 -123.29565525054932 -34.043896198272705
L_eye_inner 238.66775512695312 -118.818519115448 -29.897266626358032
L_eye 236.8885040283203 -119.10218954086304 -29.89838719367981
L_eye_outer 234.88759994506836 -119.53596353530884 -29.891005158424377
R_eye_inner 243.54347229003906 -118.10855627059937 -31.071504950523376
R_eye 245.5179786682129 -117.84783840179443 -31.0718834400177
R_eye_outer 247.56898880004883 -117.66886711120605 -31.066691875457764
L_ear 232.76395797729492 -122.03002452850342 -15.029461681842804
R_ear 253.42304229736328 -119.33980464935303 -20.33994495868683
L_mouth 238.54829788208008 -128.75593185424805 -29.560860991477966
R_mouth 244.27667617797852 -127.88513660430908 -31.029430031776428
L_Shoulder 218.40417861938477 -143.63622665405273 -6.171269342303276
R_Shoulder 286.047306060791 -151.2369203567505 -15.12703001499176
L_Elbow 201.21490478515625 -195.93226432800293 -22.06723988056183
R_Elbow 313.98386001586914 -200.61411380767822 -23.777148127555847
L_Wrist 0.0 0.0 0.0
R_Wrist 0.0 0.0 0.0
L_pinky 0.0 0.0 0.0
R_pinky 0.0 0.0 0.0
L_index 0.0 0.0 0.0
R_index 0.0 0.0 0.0
L_thumb 0.0 0.0 0.0
R_thumb 0.0 0.0 0.0
L_Hip 227.0770263671875 -254.02756690979004 6.122653931379318
R_Hip 266.7256546020508 -255.08648872375488 -6.061524152755737
nose 238.82818222045898 -137.7008056640625 -24.850472807884216
L_eye_inner 236.7433738708496 -133.48480224609375 -20.883476734161377
L_eye 235.0856590270996 -133.74727249145508 -20.887815952301025
L_eye_outer 233.22757720947266 -134.0373659133911 -20.880460739135742
R_eye_inner 241.68556213378906 -132.04193115234375 -22.198393940925598
R_eye 243.7722396850586 -131.3046169281006 -22.202453017234802
R_eye_outer 245.8223533630371 -130.696120262146 -22.202599048614502
L_ear 232.5199317932129 -134.3809461593628 -7.940777391195297
R_ear 252.0697784423828 -130.9172773361206 -13.909727334976196
L_mouth 236.9295883178711 -141.8532657623291 -21.358942985534668
R_mouth 243.0942153930664 -140.53961277008057 -22.939875721931458
L_Shoulder 220.31736373901367 -153.09372425079346 -1.0422324761748314
R_Shoulder 285.19765853881836 -161.93684577941895 -11.706545203924179
L_Elbow 206.87036514282227 -202.54643440246582 -13.59902173280716
R_Elbow 304.6600341796875 -210.38024425506592 -23.142822086811066
L_Wrist 0.0 0.0 0.0
R_Wrist 0.0 0.0 0.0
L_pinky 0.0 0.0 0.0
R_pinky 0.0 0.0 0.0
L_index 0.0 0.0 0.0
R_index 0.0 0.0 0.0
L_thumb 0.0 0.0 0.0
R_thumb 0.0 0.0 0.0
L_Hip 229.74960327148438 -257.47690200805664 5.67953884601593
R_Hip 268.6417007446289 -258.8672733306885 -5.633736401796341
nose 238.82213592529297 -139.7530174255371 -20.487697422504425
L_eye_inner 236.8416404724121 -135.53956031799316 -16.263510286808014
L_eye 235.2663803100586 -135.72362422943115 -16.264308989048004
L_eye_outer 233.49021911621094 -135.91159343719482 -16.255825757980347
R_eye_inner 241.5786361694336 -134.22593593597412 -17.776525020599365
R_eye 243.61948013305664 -133.51412773132324 -17.779988050460815
R_eye_outer 245.62057495117188 -132.90960788726807 -17.774005234241486
L_ear 232.91139602661133 -135.96154689788818 -3.1920570880174637
R_ear 251.94805145263672 -132.7998447418213 -10.00274270772934
L_mouth 237.2078514099121 -143.46237659454346 -16.819916665554047
R_mouth 243.09261322021484 -142.3888349533081 -18.70586723089218
L_Shoulder 221.48212432861328 -154.98643398284912 3.6937497556209564
R_Shoulder 285.66776275634766 -162.69586086273193 -8.531282842159271
L_Elbow 209.2751121520996 -204.0470552444458 -4.984525218605995
R_Elbow 306.0831069946289 -209.76722717285156 -17.166762053966522
L_Wrist 0.0 0.0 0.0
R_Wrist 0.0 0.0 0.0
L_pinky 0.0 0.0 0.0
R_pinky 0.0 0.0 0.0
L_index 0.0 0.0 0.0
R_index 0.0 0.0 0.0
L_thumb 0.0 0.0 0.0
R_thumb 0.0 0.0 0.0
L_Hip 231.90126419067383 -257.86362648010254 5.7422202080488205
R_Hip 268.8370704650879 -259.15998458862305 -5.7022083550691605
nose 241.8545913696289 -141.84372425079346 -32.75386691093445
L_eye_inner 239.9331283569336 -138.00347328186035 -28.69674563407898
L_eye 238.52489471435547 -138.20780754089355 -28.695523738861084
L_eye_outer 236.87543869018555 -138.42238426208496 -28.68838906288147
R_eye_inner 244.2439079284668 -137.07168102264404 -30.447077751159668
R_eye 246.00318908691406 -136.65169715881348 -30.452445149421692
R_eye_outer 247.8247833251953 -136.32390975952148 -30.44429123401642
L_ear 236.9283676147461 -139.21664714813232 -14.992208778858185
R_ear 253.78568649291992 -136.92023277282715 -22.802643477916718
L_mouth 240.29003143310547 -145.91214179992676 -28.631919622421265
R_mouth 245.98556518554688 -144.9992322921753 -30.820482969284058
L_Shoulder 232.2960662841797 -156.9221019744873 -4.3810151517391205
R_Shoulder 286.37781143188477 -164.7348690032959 -19.925764203071594
L_Elbow 216.0706901550293 -204.1935110092163 -5.342265218496323
R_Elbow 308.76922607421875 -209.0447187423706 -25.405412912368774
L_Wrist 0.0 0.0 0.0
R_Wrist 0.0 0.0 0.0
L_pinky 0.0 0.0 0.0
R_pinky 0.0 0.0 0.0
L_index 0.0 0.0 0.0
R_index 0.0 0.0 0.0
L_thumb 0.0 0.0 0.0
R_thumb 0.0 0.0 0.0
L_Hip 238.72886657714844 -256.6582202911377 7.286703586578369
R_Hip 271.97200775146484 -258.53917121887207 -7.255950570106506
nose 244.27129745483398 -141.60873413085938 -34.77860987186432
L_eye_inner 242.27611541748047 -137.88848876953125 -30.924192070961
L_eye 240.94470977783203 -138.0487060546875 -30.92401623725891
L_eye_outer 239.37192916870117 -138.23846340179443 -30.91842532157898
R_eye_inner 246.42389297485352 -137.14224815368652 -32.64484703540802
R_eye 248.10562133789062 -136.7964506149292 -32.649534940719604
R_eye_outer 249.8395538330078 -136.5393877029419 -32.64302909374237
L_ear 239.15470123291016 -139.3097162246704 -17.16817170381546
R_ear 255.5687141418457 -137.36610889434814 -24.841299653053284
L_mouth 242.63126373291016 -145.72279930114746 -30.52811622619629
R_mouth 248.12694549560547 -144.97560024261475 -32.68243670463562
L_Shoulder 234.06070709228516 -157.46528148651123 -5.949665978550911
R_Shoulder 286.5311813354492 -165.14978885650635 -21.51668518781662
L_Elbow 217.5619888305664 -204.34866428375244 -6.940606236457825
R_Elbow 309.12939071655273 -208.8748598098755 -26.9731342792511
L_Wrist 0.0 0.0 0.0
R_Wrist 0.0 0.0 0.0
L_pinky 0.0 0.0 0.0
R_pinky 0.0 0.0 0.0
L_index 0.0 0.0 0.0
R_index 0.0 0.0 0.0
L_thumb 0.0 0.0 0.0
R_thumb 0.0 0.0 0.0
L_Hip 240.25823593139648 -255.6452178955078 7.718335837125778
R_Hip 272.9901695251465 -257.5699710845947 -7.6815783977508545
nose 246.55986785888672 -144.0954351425171 -36.09985411167145
L_eye_inner 244.7089385986328 -140.12908458709717 -32.67877697944641
L_eye 243.41094970703125 -140.2745246887207 -32.679492235183716
L_eye_outer 241.8795394897461 -140.433669090271 -32.67849683761597
R_eye_inner 248.64429473876953 -139.3375825881958 -34.5816433429718
R_eye 250.2346420288086 -138.94085884094238 -34.58788990974426
R_eye_outer 251.83162689208984 -138.61637592315674 -34.581464529037476
L_ear 241.5028953552246 -141.3358497619629 -20.034953951835632
R_ear 257.2396469116211 -139.24409866333008 -28.72348427772522
L_mouth 244.8770523071289 -148.1077766418457 -32.11525082588196
R_mouth 250.12012481689453 -147.33351230621338 -34.578126668930054
L_Shoulder 235.58452606201172 -158.5651731491089 -7.572195678949356
R_Shoulder 287.36827850341797 -165.53825855255127 -25.51887035369873
L_Elbow 220.44248580932617 -204.17263984680176 1.0248646140098572
R_Elbow 309.49352264404297 -209.13588523864746 -28.800302743911743
L_Wrist 0.0 0.0 0.0
R_Wrist 0.0 0.0 0.0
L_pinky 0.0 0.0 0.0
R_pinky 0.0 0.0 0.0
L_index 0.0 0.0 0.0
R_index 0.0 0.0 0.0
L_thumb 0.0 0.0 0.0
R_thumb 0.0 0.0 0.0
L_Hip 242.8235626220703 -254.60257530212402 8.664529770612717
R_Hip 275.7005310058594 -256.270809173584 -8.61312821507454
nose 248.2107162475586 -148.45982551574707 -34.757453203201294
L_eye_inner 246.6096305847168 -144.34360027313232 -31.392377614974976
L_eye 245.37261962890625 -144.45765495300293 -31.393679976463318
L_eye_outer 243.89514923095703 -144.57213878631592 -31.392553448677063
R_eye_inner 250.28581619262695 -143.50861072540283 -33.34957957267761
R_eye 251.82964324951172 -143.0282163619995 -33.3552360534668
R_eye_outer 253.36021423339844 -142.60518550872803 -33.348965644836426
L_ear 243.7626838684082 -144.88715171813965 -19.019706547260284
R_ear 258.9455032348633 -142.76384353637695 -27.96171009540558
L_mouth 246.92340850830078 -151.97595119476318 -30.857303738594055
R_mouth 251.7784309387207 -151.31192207336426 -33.39613080024719
L_Shoulder 238.50107192993164 -159.55985069274902 -7.1398720145225525
R_Shoulder 289.0082359313965 -168.2381772994995 -25.1370370388031
L_Elbow 224.08136367797852 -203.89915466308594 -0.7679634727537632
R_Elbow 309.4142150878906 -210.62636375427246 -29.50998842716217
L_Wrist 0.0 0.0 0.0
R_Wrist 0.0 0.0 0.0
L_pinky 0.0 0.0 0.0
R_pinky 0.0 0.0 0.0
L_index 0.0 0.0 0.0
R_index 0.0 0.0 0.0
L_thumb 0.0 0.0 0.0
R_thumb 0.0 0.0 0.0
L_Hip 244.78519439697266 -254.03122901916504 8.757749199867249
R_Hip 277.60549545288086 -255.7284164428711 -8.71218591928482
nose 251.6916847229004 -149.6484375 -35.48262417316437
L_eye_inner 249.7358512878418 -146.3366460800171 -32.0514976978302
L_eye 248.41375350952148 -146.50797843933105 -32.052212953567505
L_eye_outer 246.87755584716797 -146.6544771194458 -32.04988241195679
R_eye_inner 253.8210105895996 -145.35459995269775 -33.96314084529877
R_eye 255.53760528564453 -144.8747205734253 -33.96896421909332
R_eye_outer 257.2764015197754 -144.4376564025879 -33.96262228488922
L_ear 246.74633026123047 -147.11814880371094 -19.591642916202545
R_ear 262.97216415405273 -144.84108924865723 -28.252896666526794
L_mouth 250.2310562133789 -152.9679822921753 -31.537991762161255
R_mouth 255.44719696044922 -152.24108219146729 -34.004294872283936
L_Shoulder 240.3447151184082 -161.2661075592041 -7.714774459600449
R_Shoulder 291.4674377441406 -171.79308414459229 -25.360989570617676
L_Elbow 224.92897033691406 -204.5022439956665 -3.893941640853882
R_Elbow 307.80847549438477 -215.14981269836426 -30.00655770301819
L_Wrist 0.0 0.0 0.0
R_Wrist 0.0 0.0 0.0
L_pinky 0.0 0.0 0.0
R_pinky 0.0 0.0 0.0
L_index 0.0 0.0 0.0
R_index 0.0 0.0 0.0
L_thumb 0.0 0.0 0.0
R_thumb 0.0 0.0 0.0
L_Hip 245.6881332397461 -252.8792953491211 8.480086922645569
R_Hip 277.9169273376465 -255.3870964050293 -8.448377251625061
nose 252.56908416748047 -150.7281732559204 -32.260558009147644
L_eye_inner 250.87684631347656 -147.31892108917236 -28.745833039283752
L_eye 249.57149505615234 -147.48029708862305 -28.748828172683716
L_eye_outer 248.0463409423828 -147.642502784729 -28.743213415145874
R_eye_inner 254.84477996826172 -146.60296440124512 -30.402427911758423
R_eye 256.4365768432617 -146.3102674484253 -30.406662821769714
R_eye_outer 258.0252456665039 -146.08137130737305 -30.400925874710083
L_ear 247.97582626342773 -148.5391902923584 -16.60589724779129
R_ear 263.17134857177734 -147.01017379760742 -23.948001861572266
L_mouth 251.14492416381836 -154.1610288619995 -28.535562753677368
R_mouth 256.0835838317871 -153.58978271484375 -30.589964985847473
L_Shoulder 240.9912872314453 -163.42633724212646 -7.030311226844788
R_Shoulder 291.64234161376953 -174.43933010101318 -21.1870476603508
L_Elbow 225.08991241455078 -205.94377040863037 -11.112624406814575
R_Elbow 307.2365188598633 -216.5412712097168 -28.595834970474243
L_Wrist 0.0 0.0 0.0
R_Wrist 0.0 0.0 0.0
L_pinky 0.0 0.0 0.0
R_pinky 0.0 0.0 0.0
L_index 0.0 0.0 0.0
R_index 0.0 0.0 0.0
L_thumb 0.0 0.0 0.0
R_thumb 0.0 0.0 0.0
L_Hip 245.80204010009766 -253.024263381958 5.868051573634148
R_Hip 277.79226303100586 -255.87215423583984 -5.853862315416336
nose 253.38531494140625 -151.59147262573242 -26.93648934364319
L_eye_inner 251.7074966430664 -148.1991720199585 -23.51800948381424
L_eye 250.40302276611328 -148.37501049041748 -23.52011501789093
L_eye_outer 248.8955307006836 -148.58802795410156 -23.513945937156677
R_eye_inner 255.51860809326172 -147.65785217285156 -24.91706609725952
R_eye 257.01595306396484 -147.48302936553955 -24.919787049293518
R_eye_outer 258.54808807373047 -147.37422466278076 -24.91435557603836
L_ear 248.23463439941406 -150.108962059021 -12.223924696445465
R_ear 263.2261085510254 -148.70502948760986 -18.523529171943665
L_mouth 251.6288185119629 -155.30383586883545 -23.621459305286407
R_mouth 256.36566162109375 -154.83170986175537 -25.37166476249695
L_Shoulder 240.4128074645996 -166.4824390411377 -4.848168790340424
R_Shoulder 290.79641342163086 -176.41862869262695 -16.15728586912155
L_Elbow 224.8923683166504 -208.41978549957275 -11.980549991130829
R_Elbow 306.3471031188965 -217.12235927581787 -24.132239818572998
L_Wrist 0.0 0.0 0.0
R_Wrist 0.0 0.0 0.0
L_pinky 0.0 0.0 0.0
R_pinky 0.0 0.0 0.0
L_index 0.0 0.0 0.0
R_index 0.0 0.0 0.0
L_thumb 0.0 0.0 0.0
R_thumb 0.0 0.0 0.0
L_Hip 244.55638885498047 -253.83081436157227 4.090901464223862
R_Hip 276.77453994750977 -256.2905216217041 -4.0684521198272705
nose 252.9022216796875 -152.57220268249512 -27.09636092185974
L_eye_inner 251.3856315612793 -149.0442180633545 -23.666946589946747
L_eye 250.09721755981445 -149.2053508758545 -23.668234050273895
L_eye_outer 248.61270904541016 -149.44961071014404 -23.661498725414276
R_eye_inner 255.11568069458008 -148.50953578948975 -25.1429945230484
R_eye 256.6231918334961 -148.32385540008545 -25.1460999250412
R_eye_outer 258.2032775878906 -148.21556568145752 -25.13970136642456
L_ear 248.06854248046875 -150.68070888519287 -12.551704049110413
R_ear 262.9378890991211 -149.3735933303833 -19.166968762874603
L_mouth 251.24645233154297 -156.1261796951294 -23.84541779756546
R_mouth 255.62837600708008 -155.6697177886963 -25.690540671348572
L_Shoulder 239.5644187927246 -166.53821468353271 -4.970891773700714
R_Shoulder 289.7953414916992 -176.7345142364502 -17.288202047348022
L_Elbow 224.7879409790039 -208.77306461334229 -10.561506450176239
R_Elbow 303.5765075683594 -217.6582431793213 -24.88064020872116
L_Wrist 0.0 0.0 0.0
R_Wrist 0.0 0.0 0.0
L_pinky 0.0 0.0 0.0
R_pinky 0.0 0.0 0.0
L_index 0.0 0.0 0.0
R_index 0.0 0.0 0.0
L_thumb 0.0 0.0 0.0
R_thumb 0.0 0.0 0.0
L_Hip 243.5462188720703 -254.30829048156738 4.31891530752182
R_Hip 275.32766342163086 -256.49725914001465 -4.3032292276620865
nose 251.3697052001953 -153.27378273010254 -22.745008766651154
L_eye_inner 250.0434112548828 -149.6288537979126 -19.26259994506836
L_eye 248.87752532958984 -149.77144718170166 -19.263912737369537
L_eye_outer 247.4677276611328 -150.0634002685547 -19.25720125436783
R_eye_inner 253.50543975830078 -149.12511348724365 -20.68551778793335
R_eye 255.01482009887695 -148.8975477218628 -20.688626170158386
R_eye_outer 256.7039489746094 -148.77329349517822 -20.68334072828293
L_ear 247.04761505126953 -151.38237476348877 -8.470236510038376
R_ear 261.81331634521484 -149.9320363998413 -14.831079542636871
L_mouth 249.97112274169922 -156.93227291107178 -19.678713381290436
R_mouth 253.93863677978516 -156.34527683258057 -21.45046293735504
L_Shoulder 237.78522491455078 -167.81244277954102 -2.058696560561657
R_Shoulder 288.4339904785156 -177.70068168640137 -13.808980584144592
L_Elbow 224.04300689697266 -209.78254795074463 -8.855067193508148
R_Elbow 303.84700775146484 -217.57697582244873 -21.888244152069092
L_Wrist 0.0 0.0 0.0
R_Wrist 0.0 0.0 0.0
L_pinky 0.0 0.0 0.0
R_pinky 0.0 0.0 0.0
L_index 0.0 0.0 0.0
R_index 0.0 0.0 0.0
L_thumb 0.0 0.0 0.0
R_thumb 0.0 0.0 0.0
L_Hip 241.60961151123047 -255.72735786437988 4.382891952991486
R_Hip 272.0802879333496 -256.79065704345703 -4.367205128073692
nose 247.97435760498047 -155.43358325958252 -21.487417817115784
L_eye_inner 246.87480926513672 -151.66658878326416 -18.107983469963074
L_eye 245.7444190979004 -151.77512168884277 -18.110135197639465
L_eye_outer 244.42340850830078 -151.971116065979 -18.104931712150574
R_eye_inner 250.37109375 -151.13732814788818 -19.475796818733215
R_eye 251.90732955932617 -150.8549165725708 -19.477008283138275
R_eye_outer 253.58963012695312 -150.66487312316895 -19.470983743667603
L_ear 244.71750259399414 -153.03066730499268 -7.753463089466095
R_ear 258.3565902709961 -151.75043106079102 -13.836784660816193
L_mouth 246.97528839111328 -159.17447090148926 -18.55251044034958
R_mouth 250.89723587036133 -158.58856201171875 -20.23656666278839
L_Shoulder 235.73604583740234 -169.68468189239502 -1.8261905759572983
R_Shoulder 285.8709716796875 -179.2015027999878 -13.140992820262909
L_Elbow 222.43135452270508 -210.7736349105835 -8.513833582401276
R_Elbow 303.23450088500977 -217.8171443939209 -21.051692962646484
L_Wrist 220.8397674560547 -182.0315408706665 -27.06236243247986
R_Wrist 0.0 0.0 0.0
L_pinky 0.0 0.0 0.0
R_pinky 0.0 0.0 0.0
L_index 0.0 0.0 0.0
R_index 0.0 0.0 0.0
L_thumb 0.0 0.0 0.0
R_thumb 0.0 0.0 0.0
L_Hip 240.3813362121582 -257.7920150756836 4.587432369589806
R_Hip 269.50817108154297 -258.61390113830566 -4.570953920483589
nose 247.12909698486328 -155.8560848236084 -21.27976417541504
L_eye_inner 245.98255157470703 -152.2443151473999 -18.032827973365784
L_eye 244.83043670654297 -152.36107349395752 -18.03549975156784
L_eye_outer 243.50030899047852 -152.551589012146 -18.03010255098343
R_eye_inner 249.56531524658203 -151.69376850128174 -19.379223883152008
R_eye 251.16092681884766 -151.40217304229736 -19.381000101566315
R_eye_outer 252.9113006591797 -151.19542121887207 -19.374647736549377
L_ear 243.68045806884766 -153.6158323287964 -8.099038153886795
R_ear 257.6063919067383 -152.3930025100708 -14.05373066663742
L_mouth 245.95394134521484 -159.66113090515137 -18.468990921974182
R_mouth 249.98418807983398 -159.00145053863525 -20.124468207359314
L_Shoulder 233.37610244750977 -170.8339548110962 -2.1339066326618195
R_Shoulder 284.3696975708008 -179.73339557647705 -13.588790595531464
L_Elbow 220.45249938964844 -212.13154792785645 -8.496027439832687
R_Elbow 302.14635848999023 -218.31120014190674 -21.092768013477325
L_Wrist 218.67475509643555 -181.44647598266602 -25.8527934551239
R_Wrist 0.0 0.0 0.0
L_pinky 0.0 0.0 0.0
R_pinky 0.0 0.0 0.0
L_index 0.0 0.0 0.0
R_index 0.0 0.0 0.0
L_thumb 0.0 0.0 0.0
R_thumb 0.0 0.0 0.0
L_Hip 239.20440673828125 -258.2837390899658 4.663125425577164
R_Hip 267.9483985900879 -259.0983295440674 -4.648849740624428
nose 232.20104217529297 -158.7707805633545 -9.57043468952179
L_eye_inner 231.77200317382812 -154.85700130462646 -6.307480484247208
L_eye 231.01478576660156 -154.8598337173462 -6.308417022228241
L_eye_outer 230.2627944946289 -154.8848533630371 -6.3073135912418365
R_eye_inner 234.7239112854004 -154.46744441986084 -8.254307508468628
R_eye 236.06983184814453 -154.20814990997314 -8.256398886442184
R_eye_outer 237.43640899658203 -154.02259826660156 -8.253881335258484
L_ear 231.54565811157227 -155.80176830291748 3.3988751471042633
R_ear 241.6634750366211 -155.22358417510986 -5.3128432482481
L_mouth 231.8972396850586 -162.42183208465576 -6.788492202758789
R_mouth 235.3193473815918 -162.07446098327637 -9.28046703338623
L_Shoulder 222.9884147644043 -175.1050043106079 9.820616245269775
R_Shoulder 272.9581642150879 -181.90651416778564 -7.550881057977676
L_Elbow 210.61643600463867 -216.24891757965088 9.047521650791168
R_Elbow 288.0436134338379 -220.0447654724121 -14.195898175239563
L_Wrist 206.90345764160156 -184.73562240600586 -1.5374913811683655
R_Wrist 0.0 0.0 0.0
L_pinky 0.0 0.0 0.0
R_pinky 0.0 0.0 0.0
L_index 0.0 0.0 0.0
R_index 0.0 0.0 0.0
L_thumb 0.0 0.0 0.0
R_thumb 0.0 0.0 0.0
L_Hip 229.27385330200195 -259.7128486633301 6.719274818897247
R_Hip 256.01512908935547 -259.876012802124 -6.6850438714027405
nose 229.0212631225586 -159.65578079223633 -7.534273713827133
L_eye_inner 228.45979690551758 -155.73447704315186 -4.3793439865112305
L_eye 227.81204223632812 -155.74241638183594 -4.379618912935257
L_eye_outer 227.1523666381836 -155.74347496032715 -4.37854677438736
R_eye_inner 231.12327575683594 -155.23688793182373 -6.370466202497482
R_eye 232.3644256591797 -154.9306297302246 -6.372156739234924
R_eye_outer 233.6131477355957 -154.71423625946045 -6.368128210306168
L_ear 229.13488388061523 -156.4132833480835 4.779769480228424
R_ear 238.23772430419922 -155.722918510437 -4.158715158700943
L_mouth 229.3427848815918 -163.1427240371704 -4.932456091046333
R_mouth 232.35374450683594 -162.6862907409668 -7.493960112333298
L_Shoulder 221.72687530517578 -175.48523426055908 10.930235683918
R_Shoulder 270.3291320800781 -181.86265468597412 -6.9407254457473755
L_Elbow 209.51610565185547 -215.89406490325928 11.518074572086334
R_Elbow 284.9652671813965 -219.9446153640747 -12.881366908550262
L_Wrist 205.82286834716797 -184.36572074890137 2.3436198011040688
R_Wrist 0.0 0.0 0.0
L_pinky 0.0 0.0 0.0
R_pinky 0.0 0.0 0.0
L_index 0.0 0.0 0.0
R_index 0.0 0.0 0.0
L_thumb 0.0 0.0 0.0
R_thumb 0.0 0.0 0.0
L_Hip 226.81791305541992 -259.6130847930908 6.934197247028351
R_Hip 253.09309005737305 -259.5413589477539 -6.903133541345596
nose 226.91181182861328 -160.18402576446533 -9.214279800653458
L_eye_inner 226.4234161376953 -156.32745265960693 -6.067554280161858
L_eye 225.77526092529297 -156.3451051712036 -6.068333238363266
L_eye_outer 225.08794784545898 -156.34896755218506 -6.066532805562019
R_eye_inner 229.0471649169922 -155.79909324645996 -7.978744804859161
R_eye 230.2811050415039 -155.4830503463745 -7.980930805206299
R_eye_outer 231.51744842529297 -155.26728630065918 -7.976578176021576
L_ear 227.05080032348633 -156.98641777038574 3.138374909758568
R_ear 236.38355255126953 -156.2035846710205 -5.475406721234322
L_mouth 227.2963523864746 -163.60435009002686 -6.6047802567481995
R_mouth 230.23212432861328 -163.09504508972168 -9.065034240484238
L_Shoulder 219.88332748413086 -175.91384410858154 9.937455505132675
R_Shoulder 268.38354110717773 -182.10980415344238 -8.052843809127808
L_Elbow 208.17846298217773 -215.68426609039307 11.789558827877045
R_Elbow 282.98946380615234 -220.14726161956787 -13.60921710729599
L_Wrist 205.17505645751953 -184.05508518218994 4.333863779902458
R_Wrist 0.0 0.0 0.0
L_pinky 0.0 0.0 0.0
R_pinky 0.0 0.0 0.0
L_index 0.0 0.0 0.0
R_index 0.0 0.0 0.0
L_thumb 0.0 0.0 0.0
R_thumb 0.0 0.0 0.0
L_Hip 224.41930770874023 -259.3389701843262 7.368002831935883
R_Hip 251.0979461669922 -259.506254196167 -7.332657277584076
nose 223.95301818847656 -160.60210704803467 -8.817247301340103
L_eye_inner 224.11737442016602 -156.64875984191895 -5.688918754458427
L_eye 223.63710403442383 -156.6529369354248 -5.68963997066021
L_eye_outer 223.09995651245117 -156.64755821228027 -5.688387900590897
R_eye_inner 226.40697479248047 -156.13858222961426 -7.737760990858078
R_eye 227.57278442382812 -155.81573009490967 -7.740882039070129
R_eye_outer 228.7071418762207 -155.59407234191895 -7.736071199178696
L_ear 225.55561065673828 -157.3995065689087 3.3569928258657455
R_ear 233.61431121826172 -156.5581512451172 -5.872073769569397
L_mouth 224.48619842529297 -164.03072834014893 -6.270617991685867
R_mouth 227.13024139404297 -163.55169296264648 -8.917323499917984
L_Shoulder 218.80691528320312 -176.2255096435547 10.536114126443863
R_Shoulder 266.3437271118164 -182.46910572052002 -8.59537124633789
L_Elbow 206.50474548339844 -215.46844482421875 17.23441332578659
R_Elbow 280.6298828125 -220.4081153869629 -12.926818430423737
L_Wrist 203.70702743530273 -182.12003231048584 15.689817070960999
R_Wrist 0.0 0.0 0.0
L_pinky 0.0 0.0 0.0
R_pinky 0.0 0.0 0.0
L_index 0.0 0.0 0.0
R_index 0.0 0.0 0.0
L_thumb 0.0 0.0 0.0
R_thumb 0.0 0.0 0.0
L_Hip 222.74639129638672 -259.2831516265869 7.73824155330658
R_Hip 250.0214385986328 -259.70706939697266 -7.700468599796295
nose 221.4647102355957 -161.44289016723633 -7.788063585758209
L_eye_inner 221.83568954467773 -157.26958751678467 -4.72654327750206
L_eye 221.47212982177734 -157.21293926239014 -4.727048799395561
L_eye_outer 221.06937408447266 -157.14996814727783 -4.726020619273186
R_eye_inner 223.95671844482422 -156.8208646774292 -6.744221597909927
R_eye 225.1346778869629 -156.46645545959473 -6.747408956289291
R_eye_outer 226.27765655517578 -156.20335578918457 -6.743444502353668
L_ear 223.98441314697266 -157.71633625030518 4.212474822998047
R_ear 231.3265609741211 -156.9286823272705 -4.837007075548172
L_mouth 222.14479446411133 -164.7428798675537 -5.26227131485939
R_mouth 224.73852157592773 -164.36277866363525 -7.856433093547821
L_Shoulder 217.34130859375 -176.6804552078247 10.957606881856918
R_Shoulder 264.5635414123535 -182.877516746521 -7.7256448566913605
L_Elbow 204.98952865600586 -215.85691452026367 16.393066942691803
R_Elbow 277.63790130615234 -220.97235202789307 -12.958614528179169
L_Wrist 202.2560691833496 -181.57549381256104 13.283589482307434
R_Wrist 0.0 0.0 0.0
L_pinky 0.0 0.0 0.0
R_pinky 0.0 0.0 0.0
L_index 0.0 0.0 0.0
R_index 0.0 0.0 0.0
L_thumb 0.0 0.0 0.0
R_thumb 0.0 0.0 0.0
L_Hip 221.4183235168457 -259.24169540405273 7.604020833969116
R_Hip 248.73607635498047 -260.1092720031738 -7.562799006700516
nose 219.9812889099121 -162.01141834259033 -5.982237309217453
L_eye_inner 220.36848068237305 -157.67330646514893 -2.9796570539474487
L_eye 220.02641677856445 -157.6085615158081 -2.980251982808113
L_eye_outer 219.64813232421875 -157.53397464752197 -2.9785100370645523
R_eye_inner 222.46776580810547 -157.24409580230713 -5.186506360769272
R_eye 223.63887786865234 -156.88578128814697 -5.189717561006546
R_eye_outer 224.75643157958984 -156.60341262817383 -5.185221880674362
L_ear 223.0563735961914 -157.98073768615723 5.508631467819214
R_ear 229.93249893188477 -157.22232341766357 -4.35887947678566
L_mouth 220.71561813354492 -165.3235960006714 -3.6221154034137726
R_mouth 223.24016571044922 -164.9886417388916 -6.4562201499938965
L_Shoulder 218.04447174072266 -176.70061111450195 12.330152094364166
R_Shoulder 262.9010009765625 -182.8136444091797 -8.129497617483139
L_Elbow 204.75662231445312 -215.73952674865723 18.135449290275574
R_Elbow 276.09973907470703 -220.9153175354004 -13.672688603401184
L_Wrist 200.47658920288086 -181.439208984375 15.346276760101318
R_Wrist 0.0 0.0 0.0
L_pinky 0.0 0.0 0.0
R_pinky 0.0 0.0 0.0
L_index 0.0 0.0 0.0
R_index 0.0 0.0 0.0
L_thumb 0.0 0.0 0.0
R_thumb 0.0 0.0 0.0
L_Hip 221.52851104736328 -257.64166831970215 8.082057535648346
R_Hip 248.0656623840332 -259.3915271759033 -8.046180754899979
nose 218.52537155151367 -162.40510940551758 -6.353877484798431
L_eye_inner 218.9156723022461 -157.9630994796753 -3.3789239823818207
L_eye 218.58304977416992 -157.88658142089844 -3.379683569073677
L_eye_outer 218.21887969970703 -157.8015947341919 -3.37718166410923
R_eye_inner 221.00563049316406 -157.530198097229 -5.544867366552353
R_eye 222.17336654663086 -157.16360092163086 -5.547733977437019
R_eye_outer 223.28916549682617 -156.87485218048096 -5.543334037065506
L_ear 221.9080924987793 -158.15279960632324 5.153210088610649
R_ear 228.37587356567383 -157.47230529785156 -4.534057527780533
L_mouth 219.38371658325195 -165.65839290618896 -3.9530042558908463
R_mouth 221.94324493408203 -165.31758785247803 -6.730813533067703
L_Shoulder 217.68592834472656 -177.1252155303955 11.982826143503189
R_Shoulder 261.77032470703125 -182.89531230926514 -8.262430876493454
L_Elbow 203.87514114379883 -215.95134258270264 16.199779510498047
R_Elbow 274.2824363708496 -220.89789390563965 -14.198879897594452
L_Wrist 199.01729583740234 -181.4388370513916 11.30397766828537
R_Wrist 0.0 0.0 0.0
L_pinky 195.9112548828125 -171.9224739074707 11.889272928237915
R_pinky 0.0 0.0 0.0
L_index 200.55278778076172 -168.65209579467773 9.81486290693283
R_index 0.0 0.0 0.0
L_thumb 0.0 0.0 0.0
R_thumb 0.0 0.0 0.0
L_Hip 221.32953643798828 -256.9325065612793 8.116493374109268
R_Hip 247.42830276489258 -259.2100238800049 -8.08253362774849
nose 216.65807723999023 -162.60287761688232 -5.463899299502373
L_eye_inner 217.1385955810547 -158.20236682891846 -2.524258568882942
L_eye 216.8320655822754 -158.12673568725586 -2.5262871757149696
L_eye_outer 216.4923858642578 -158.03614139556885 -2.52523273229599
R_eye_inner 219.15227890014648 -157.76942253112793 -4.811045527458191
R_eye 220.30567169189453 -157.402081489563 -4.814155027270317
R_eye_outer 221.42606735229492 -157.10240364074707 -4.810537397861481
L_ear 220.55522918701172 -158.33943843841553 5.8524660766124725
R_ear 226.65782928466797 -157.68812656402588 -4.359826073050499
L_mouth 217.80349731445312 -165.90392589569092 -3.107590600848198
R_mouth 220.3011131286621 -165.63763618469238 -6.045733764767647
L_Shoulder 218.25639724731445 -177.1204948425293 12.990117073059082
R_Shoulder 260.51788330078125 -182.94636726379395 -8.418919146060944
L_Elbow 203.73729705810547 -216.20773315429688 19.22188401222229
R_Elbow 273.0210494995117 -220.87663650512695 -13.974019885063171
L_Wrist 197.98078536987305 -181.39296054840088 16.69478267431259
R_Wrist 0.0 0.0 0.0
L_pinky 195.13336181640625 -171.8298625946045 17.736421525478363
R_pinky 0.0 0.0 0.0
L_index 199.86047744750977 -168.61623287200928 15.403860807418823
R_index 0.0 0.0 0.0
L_thumb 0.0 0.0 0.0
R_thumb 0.0 0.0 0.0
L_Hip 220.54012298583984 -256.28122329711914 8.32543820142746
R_Hip 245.76189041137695 -258.7817859649658 -8.292535692453384
nose 212.16093063354492 -166.27431392669678 -2.6237433776259422
L_eye_inner 212.24872589111328 -161.4503002166748 -0.4587643314152956
L_eye 212.19524383544922 -161.37647151947021 -0.4587690345942974
L_eye_outer 212.1692657470703 -161.2921142578125 -0.45429752208292484
R_eye_inner 213.7761116027832 -160.87692260742188 -3.0511075630784035
R_eye 214.7598648071289 -160.43542385101318 -3.053467907011509
R_eye_outer 215.75321197509766 -160.0490140914917 -3.050505556166172
L_ear 217.3611068725586 -160.88988304138184 6.076736003160477
R_ear 221.00698471069336 -159.7153902053833 -5.6865788996219635
L_mouth 214.58629608154297 -169.3962049484253 -0.6353245116770267
R_mouth 216.28170013427734 -169.26764488220215 -3.977293521165848
L_Shoulder 224.3199348449707 -178.7394905090332 12.356296926736832
R_Shoulder 251.88739776611328 -182.88376808166504 -11.435828357934952
L_Elbow 211.9303321838379 -217.11738109588623 17.46891885995865
R_Elbow 0.0 0.0 0.0
L_Wrist 198.16015243530273 -180.66317081451416 13.580229878425598
R_Wrist 0.0 0.0 0.0
L_pinky 195.81979751586914 -171.49231910705566 14.649498462677002
R_pinky 0.0 0.0 0.0
L_index 200.30643463134766 -168.47398281097412 12.445298582315445
R_index 0.0 0.0 0.0
L_thumb 0.0 0.0 0.0
R_thumb 0.0 0.0 0.0
L_Hip 221.52477264404297 -253.65285873413086 8.57066661119461
R_Hip 236.5396499633789 -255.3409767150879 -8.565466105937958
nose 207.87294387817383 -168.98237228393555 -0.348871573805809
L_eye_inner 208.52811813354492 -163.88455867767334 1.4221323654055595
L_eye 208.91685485839844 -163.61437797546387 1.4242975041270256
L_eye_outer 209.34446334838867 -163.33750247955322 1.4287891797721386
R_eye_inner 209.08336639404297 -163.63703727722168 -1.1013445444405079
R_eye 209.85103607177734 -163.2158660888672 -1.1045211926102638
R_eye_outer 210.67907333374023 -162.7928924560547 -1.1007375083863735
L_ear 215.99367141723633 -161.90104007720947 6.469331681728363
R_ear 217.20600128173828 -161.1384916305542 -5.035865306854248
L_mouth 211.8119239807129 -171.43577098846436 1.0874721221625805
R_mouth 212.5497055053711 -171.77686214447021 -2.1732911467552185
L_Shoulder 229.78260040283203 -178.9632225036621 12.575693428516388
R_Shoulder 245.16101837158203 -182.5499153137207 -11.523173749446869
L_Elbow 215.6003189086914 -216.83671474456787 15.74716866016388
R_Elbow 0.0 0.0 0.0
L_Wrist 201.81093215942383 -179.29295539855957 9.219949692487717
R_Wrist 0.0 0.0 0.0
L_pinky 199.64288711547852 -170.47207832336426 10.034787654876709
R_pinky 0.0 0.0 0.0
L_index 203.7710952758789 -168.0262327194214 8.591343462467194
R_index 0.0 0.0 0.0
L_thumb 204.63537216186523 -171.29455089569092 8.424873650074005
R_thumb 0.0 0.0 0.0
L_Hip 225.78861236572266 -253.45072746276855 8.41405838727951
R_Hip 235.6952667236328 -254.65018272399902 -8.421749621629715
nose 207.07706451416016 -171.1628293991089 0.7063854485750198
L_eye_inner 208.51764678955078 -165.9643793106079 2.399211749434471
L_eye 209.32823181152344 -165.63222885131836 2.4011027067899704
L_eye_outer 210.15880584716797 -165.29691696166992 2.4038217961788177
R_eye_inner 208.10075759887695 -165.84322929382324 -0.23176227696239948
R_eye 208.53271484375 -165.52432537078857 -0.23814295418560505
R_eye_outer 209.03451919555664 -165.19091606140137 -0.23597113322466612
L_ear 216.9820785522461 -164.29707527160645 6.806721538305283
R_ear 215.5252456665039 -164.18991565704346 -4.97705265879631
L_mouth 212.1889877319336 -173.51600646972656 1.9681615754961967
R_mouth 212.0490264892578 -173.90027046203613 -1.448705792427063
L_Shoulder 239.7564697265625 -178.99261951446533 12.297774851322174
R_Shoulder 235.1664924621582 -182.49581336975098 -11.486073583364487
L_Elbow 225.87642669677734 -216.37985229492188 17.87358969449997
R_Elbow 0.0 0.0 0.0
L_Wrist 212.89915084838867 -179.9357557296753 15.02501368522644
R_Wrist 0.0 0.0 0.0
L_pinky 209.93942260742188 -171.72401905059814 16.504162549972534
R_pinky 0.0 0.0 0.0
L_index 213.81633758544922 -168.79157066345215 14.734724164009094
R_index 0.0 0.0 0.0
L_thumb 215.51000595092773 -171.28745555877686 14.249595999717712
R_thumb 0.0 0.0 0.0
L_Hip 234.07245635986328 -254.8073959350586 8.265801519155502
R_Hip 233.09423446655273 -254.46450233459473 -8.27236995100975
nose 207.71528244018555 -172.26213455200195 -0.29839088674634695
L_eye_inner 209.00007247924805 -166.47233963012695 1.2780293822288513
L_eye 209.79896545410156 -165.9761381149292 1.279723085463047
L_eye_outer 210.69171905517578 -165.50677299499512 1.2834439985454082
R_eye_inner 207.9688262939453 -166.75081729888916 -1.2506050057709217
R_eye 208.07186126708984 -166.53207778930664 -1.2573500163853168
R_eye_outer 208.24060440063477 -166.31577014923096 -1.2558134272694588
L_ear 217.88169860839844 -164.59495067596436 4.979487508535385
R_ear 214.46365356445312 -165.47515869140625 -6.3584014773368835
L_mouth 212.74347305297852 -174.28723812103271 0.9009534493088722
R_mouth 212.5537872314453 -175.17652988433838 -2.3777563124895096
L_Shoulder 241.50836944580078 -178.95010471343994 9.816201776266098
R_Shoulder 230.30715942382812 -185.09315013885498 -12.509633600711823
L_Elbow 231.09106063842773 -217.83280849456787 12.909674644470215
R_Elbow 0.0 0.0 0.0
L_Wrist 216.35496139526367 -181.59785270690918 6.565790623426437
R_Wrist 0.0 0.0 0.0
L_pinky 213.4121322631836 -173.02308082580566 7.443232834339142
R_pinky 0.0 0.0 0.0
L_index 217.1730613708496 -169.79327201843262 5.824097990989685
R_index 0.0 0.0 0.0
L_thumb 218.68263244628906 -172.26887226104736 5.726388841867447
R_thumb 0.0 0.0 0.0
L_Hip 236.02075576782227 -254.09445762634277 8.056353032588959
R_Hip 230.9383773803711 -254.27464485168457 -8.059974014759064
nose 207.71732330322266 -172.41361141204834 1.2591567821800709
L_eye_inner 208.98706436157227 -166.51914596557617 2.6968300342559814
L_eye 209.9057388305664 -166.0468053817749 2.699771523475647
L_eye_outer 210.8575439453125 -165.6153917312622 2.7042124420404434
R_eye_inner 207.5837516784668 -166.727614402771 0.15111841494217515
R_eye 207.4901580810547 -166.4824390411377 0.14275002758949995
R_eye_outer 207.44256973266602 -166.24621868133545 0.14294799184426665
L_ear 217.9290008544922 -164.8771333694458 5.994771048426628
R_ear 213.16705703735352 -165.63673496246338 -5.53063377737999
L_mouth 212.8978729248047 -174.5514678955078 2.2242890670895576
R_mouth 212.4022674560547 -175.44503688812256 -1.0834095999598503
L_Shoulder 242.16297149658203 -178.93754482269287 10.223554074764252
R_Shoulder 229.07011032104492 -184.9991512298584 -12.215448915958405
L_Elbow 233.54429244995117 -217.99485683441162 13.882532715797424
R_Elbow 0.0 0.0 0.0
L_Wrist 217.91772842407227 -181.89781665802002 8.156827837228775
R_Wrist 0.0 0.0 0.0
L_pinky 214.91073608398438 -173.57680320739746 9.1619573533535
R_pinky 0.0 0.0 0.0
L_index 218.5232162475586 -170.57998180389404 7.534460723400116
R_index 0.0 0.0 0.0
L_thumb 219.8702621459961 -173.00582885742188 7.31743723154068
R_thumb 0.0 0.0 0.0
L_Hip 236.15873336791992 -254.17631149291992 7.926784455776215
R_Hip 230.26691436767578 -254.32271003723145 -7.929804176092148
nose 207.5920867919922 -172.471604347229 2.444228157401085
L_eye_inner 208.56231689453125 -166.56327724456787 3.9647676050662994
L_eye 209.5431900024414 -166.07470035552979 3.9676856249570847
L_eye_outer 210.57477951049805 -165.6178092956543 3.9715804159641266
R_eye_inner 207.0325469970703 -166.81925296783447 1.3416158966720104
R_eye 206.8682098388672 -166.58682346343994 1.3329547829926014
R_eye_outer 206.7409324645996 -166.3518476486206 1.333137322217226
L_ear 217.52241134643555 -164.89019393920898 7.312481105327606
R_ear 211.8612289428711 -165.67101001739502 -4.595624655485153
L_mouth 212.9682159423828 -174.67775344848633 3.33876833319664
R_mouth 212.27670669555664 -175.66060066223145 -0.07823266787454486
L_Shoulder 242.0026397705078 -178.92561435699463 11.230681091547012
R_Shoulder 228.98122787475586 -183.87635707855225 -11.45356297492981
L_Elbow 234.58101272583008 -218.37727546691895 16.311952471733093
R_Elbow 0.0 0.0 0.0
L_Wrist 219.70458984375 -183.306884765625 12.613102793693542
R_Wrist 0.0 0.0 0.0
L_pinky 216.4723777770996 -174.88014221191406 14.079621434211731
R_pinky 0.0 0.0 0.0
L_index 219.76051330566406 -172.15068340301514 12.438301742076874
R_index 0.0 0.0 0.0
L_thumb 221.0483741760254 -174.63852882385254 11.82977706193924
R_thumb 0.0 0.0 0.0
L_Hip 236.81529998779297 -254.1837501525879 7.919690757989883
R_Hip 230.8559799194336 -253.9284324645996 -7.921916246414185
nose 207.05610275268555 -172.76999473571777 4.375104606151581
L_eye_inner 207.79531478881836 -166.57593727111816 5.884276703000069
L_eye 208.8802719116211 -166.07635974884033 5.887733027338982
L_eye_outer 210.03414154052734 -165.55410861968994 5.890712141990662
R_eye_inner 206.0761833190918 -167.0235013961792 3.316495567560196
R_eye 205.81964492797852 -166.8502378463745 3.309374302625656
R_eye_outer 205.60184478759766 -166.669921875 3.3101219683885574
L_ear 216.97856903076172 -164.59190368652344 8.830435574054718
R_ear 210.84434509277344 -165.8258056640625 -2.8416112065315247
L_mouth 212.92890548706055 -174.80074882507324 5.081798508763313
R_mouth 211.807861328125 -176.0646629333496 1.7272144556045532
L_Shoulder 242.37201690673828 -179.23965454101562 12.425030767917633
R_Shoulder 225.59505462646484 -186.9090986251831 -9.977565705776215
L_Elbow 238.74521255493164 -218.67310523986816 19.644206762313843
R_Elbow 0.0 0.0 0.0
L_Wrist 221.75052642822266 -186.3814115524292 19.41559612751007
R_Wrist 0.0 0.0 0.0
L_pinky 218.60570907592773 -177.02483654022217 21.328750252723694
R_pinky 0.0 0.0 0.0
L_index 221.4286231994629 -174.74172592163086 19.76241171360016
R_index 0.0 0.0 0.0
L_thumb 222.36909866333008 -177.20515251159668 18.720686435699463
R_thumb 0.0 0.0 0.0
L_Hip 238.2896614074707 -255.1966094970703 7.811234891414642
R_Hip 228.95740509033203 -255.5229091644287 -7.814796268939972
nose 207.19036102294922 -172.55245685577393 8.189836889505386
L_eye_inner 207.96031951904297 -166.12748622894287 9.399943053722382
L_eye 209.0165901184082 -165.48664569854736 9.40522700548172
L_eye_outer 210.07843017578125 -164.7972536087036 9.410572797060013
R_eye_inner 206.14009857177734 -166.97497844696045 7.056716829538345
R_eye 205.82195281982422 -166.76964282989502 7.049451768398285
R_eye_outer 205.53054809570312 -166.52888774871826 7.050225883722305
L_ear 217.16373443603516 -163.75197887420654 10.394338518381119
R_ear 210.64250946044922 -165.70311069488525 -0.370279885828495
L_mouth 213.03386688232422 -174.54392910003662 8.131980895996094
R_mouth 211.82659149169922 -175.86092948913574 5.049298331141472
L_Shoulder 243.48783493041992 -179.3199062347412 12.43450865149498
R_Shoulder 222.25261688232422 -187.33556270599365 -8.476438373327255
L_Elbow 240.81781387329102 -218.8929033279419 19.259746372699738
R_Elbow 0.0 0.0 0.0
L_Wrist 222.8045654296875 -187.00079441070557 19.383487105369568
R_Wrist 0.0 0.0 0.0
L_pinky 219.33591842651367 -178.2936429977417 21.320974826812744
R_pinky 0.0 0.0 0.0
L_index 222.25130081176758 -175.50766468048096 19.98872458934784
R_index 0.0 0.0 0.0
L_thumb 223.15319061279297 -178.04178714752197 18.773862719535828
R_thumb 0.0 0.0 0.0
L_Hip 240.02910614013672 -255.18959999084473 7.394854724407196
R_Hip 226.90057754516602 -255.54986000061035 -7.400029897689819
nose 207.29183197021484 -172.40641593933105 8.618389815092087
L_eye_inner 208.06507110595703 -166.07179641723633 9.738190472126007
L_eye 209.05475616455078 -165.45916557312012 9.744147956371307
L_eye_outer 210.28444290161133 -164.76422309875488 9.74990576505661
R_eye_inner 206.32713317871094 -166.85925006866455 7.486078888177872
R_eye 206.01167678833008 -166.69090747833252 7.4789538979530334
R_eye_outer 205.72710037231445 -166.51526927947998 7.4809543788433075
L_ear 217.62882232666016 -163.68730545043945 10.325562953948975
R_ear 211.02149963378906 -165.80376148223877 -0.04658261896111071
L_mouth 213.57967376708984 -174.44518089294434 8.40824544429779
R_mouth 211.88596725463867 -175.8116626739502 5.442117527127266
L_Shoulder 244.58988189697266 -179.92099285125732 12.170322239398956
R_Shoulder 220.22022247314453 -188.8080596923828 -7.938991487026215
L_Elbow 242.22551345825195 -219.0412473678589 18.474985659122467
R_Elbow 0.0 0.0 0.0
L_Wrist 224.0877914428711 -187.08623886108398 19.159281253814697
R_Wrist 0.0 0.0 0.0
L_pinky 220.73938369750977 -178.3659553527832 21.20993882417679
R_pinky 0.0 0.0 0.0
L_index 223.7060546875 -175.2967357635498 20.093929767608643
R_index 0.0 0.0 0.0
L_thumb 224.6157455444336 -177.94641494750977 18.68433654308319
R_thumb 0.0 0.0 0.0
L_Hip 241.23506546020508 -255.22893905639648 6.977000832557678
R_Hip 225.0676155090332 -255.98688125610352 -6.982247531414032
nose 207.39368438720703 -171.69372081756592 9.932853281497955
L_eye_inner 208.54564666748047 -165.28517246246338 10.853109508752823
L_eye 209.8552703857422 -164.58221912384033 10.859794914722443
L_eye_outer 211.2240219116211 -163.80520820617676 10.865642875432968
R_eye_inner 206.49394989013672 -166.4915370941162 8.755157887935638
R_eye 206.22217178344727 -166.5190315246582 8.749739825725555
R_eye_outer 205.93502044677734 -166.46916389465332 8.752226829528809
L_ear 218.61093521118164 -162.99126148223877 10.209193080663681
R_ear 211.36526107788086 -165.74252128601074 0.5141806788742542
L_mouth 214.21627044677734 -174.0992832183838 9.242428094148636
R_mouth 211.96109771728516 -175.7966423034668 6.484993547201157
L_Shoulder 245.39499282836914 -180.51884651184082 10.944634675979614
R_Shoulder 218.97756576538086 -189.9391794204712 -7.843589037656784
L_Elbow 243.43177795410156 -219.21496868133545 18.087071180343628
R_Elbow 0.0 0.0 0.0
L_Wrist 225.41254043579102 -187.28299140930176 20.976093411445618
R_Wrist 0.0 0.0 0.0
L_pinky 222.26219177246094 -178.82553577423096 23.33788126707077
R_pinky 0.0 0.0 0.0
L_index 225.5315399169922 -175.60651302337646 22.657005488872528
R_index 0.0 0.0 0.0
L_thumb 226.34593963623047 -178.30663204193115 20.72751224040985
R_thumb 0.0 0.0 0.0
L_Hip 242.9563331604004 -255.16419410705566 6.57135471701622
R_Hip 224.58209991455078 -255.97932815551758 -6.578974425792694
nose 207.86409378051758 -171.12117290496826 9.061412513256073
L_eye_inner 209.59197998046875 -164.67827796936035 9.870616346597672
L_eye 211.01364135742188 -163.98167610168457 9.877504408359528
L_eye_outer 212.5092887878418 -163.22504997253418 9.88425463438034
R_eye_inner 206.8275260925293 -165.98632335662842 7.886439561843872
R_eye 206.33211135864258 -166.14413738250732 7.881082594394684
R_eye_outer 206.0715103149414 -166.21922492980957 7.882712781429291
L_ear 219.6051025390625 -162.71265506744385 10.095260292291641
R_ear 211.43123626708984 -165.69180965423584 -0.3264550818130374
L_mouth 214.8796844482422 -173.8117790222168 8.214416354894638
R_mouth 211.98732376098633 -175.59438228607178 5.608067661523819
L_Shoulder 245.97646713256836 -181.15872859954834 9.139423072338104
R_Shoulder 218.9030647277832 -190.52224159240723 -8.53290855884552
L_Elbow 243.98527145385742 -219.56641674041748 15.536107122898102
R_Elbow 0.0 0.0 0.0
L_Wrist 226.38288497924805 -187.26224899291992 18.209394812583923
R_Wrist 0.0 0.0 0.0
L_pinky 222.9227638244629 -178.8838291168213 20.03505527973175
R_pinky 0.0 0.0 0.0
L_index 226.2386703491211 -175.54461479187012 19.099922478199005
R_index 0.0 0.0 0.0
L_thumb 227.24470138549805 -178.35009098052979 17.647945880889893
R_thumb 0.0 0.0 0.0
L_Hip 243.4766960144043 -255.22693634033203 6.316864490509033
R_Hip 224.62533950805664 -256.45365715026855 -6.325150281190872
nose 208.5435676574707 -170.33155918121338 8.863474428653717
L_eye_inner 210.4857063293457 -164.11694526672363 9.63965579867363
L_eye 211.96020126342773 -163.4253215789795 9.645092487335205
L_eye_outer 213.52136611938477 -162.6878786087036 9.650363773107529
R_eye_inner 207.48828887939453 -165.41871070861816 7.626461237668991
R_eye 206.8515396118164 -165.62155723571777 7.621476799249649
R_eye_outer 206.3564682006836 -165.78101634979248 7.622955739498138
L_ear 220.40508270263672 -162.41745471954346 9.880075603723526
R_ear 211.50272369384766 -165.6771183013916 -0.692700082436204
L_mouth 215.27864456176758 -173.27279090881348 8.014491945505142
R_mouth 211.99960708618164 -174.66201782226562 5.3886402398347855
L_Shoulder 247.64591217041016 -181.1031675338745 8.56715738773346
R_Shoulder 217.83077239990234 -190.41747093200684 -8.71276706457138
L_Elbow 244.5933723449707 -219.5362901687622 15.336470305919647
R_Elbow 0.0 0.0 0.0
L_Wrist 227.95446395874023 -187.16750621795654 18.824896216392517
R_Wrist 0.0 0.0 0.0
L_pinky 224.13434982299805 -178.83367538452148 21.14664614200592
R_pinky 0.0 0.0 0.0
L_index 227.2686767578125 -175.3934383392334 20.631912350654602
R_index 0.0 0.0 0.0
L_thumb 228.36366653442383 -178.2620143890381 18.589183688163757
R_thumb 0.0 0.0 0.0
L_Hip 243.92337799072266 -255.16682624816895 6.150730326771736
R_Hip 224.40956115722656 -256.43468856811523 -6.15847110748291
nose 209.83285903930664 -169.62122440338135 8.788714557886124
L_eye_inner 212.08673477172852 -163.7489891052246 9.548311680555344
L_eye 213.67197036743164 -163.1015110015869 9.552691876888275
L_eye_outer 215.27166366577148 -162.38372325897217 9.55691784620285
R_eye_inner 208.8623046875 -165.02868175506592 7.542777061462402
R_eye 208.13398361206055 -165.26216983795166 7.538051903247833
R_eye_outer 207.5063133239746 -165.47691822052002 7.539670914411545
L_ear 221.8582534790039 -162.35994815826416 9.456036239862442
R_ear 212.42399215698242 -165.64584732055664 -0.8329110220074654
L_mouth 216.06195449829102 -172.72499084472656 7.927007228136063
R_mouth 212.41296768188477 -174.00479793548584 5.307763069868088
L_Shoulder 248.4508514404297 -181.54858589172363 8.500269055366516
R_Shoulder 217.54127502441406 -190.50021171569824 -8.784672617912292
L_Elbow 245.00394821166992 -219.72021102905273 15.762647986412048
R_Elbow 0.0 0.0 0.0
L_Wrist 229.6796989440918 -187.3264503479004 21.281524002552032
R_Wrist 0.0 0.0 0.0
L_pinky 226.59021377563477 -178.9684009552002 23.819728195667267
R_pinky 0.0 0.0 0.0
L_index 229.39313888549805 -175.52780628204346 23.393400013446808
R_index 0.0 0.0 0.0
L_thumb 230.22710800170898 -178.56267929077148 21.12959176301956
R_thumb 0.0 0.0 0.0
L_Hip 243.89787673950195 -255.23858070373535 6.07387013733387
R_Hip 223.75951766967773 -256.63086891174316 -6.079203635454178
nose 213.89959335327148 -168.84621620178223 10.970717668533325
L_eye_inner 216.46244049072266 -163.20550918579102 11.819329112768173
L_eye 218.10108184814453 -162.59119033813477 11.824055761098862
L_eye_outer 219.62047576904297 -161.8830156326294 11.827518045902252
R_eye_inner 213.2838249206543 -164.30251121520996 9.737065434455872
R_eye 212.58312225341797 -164.47832107543945 9.732399135828018
R_eye_outer 211.89077377319336 -164.67970848083496 9.735647588968277
L_ear 226.88682556152344 -162.0459794998169 10.475323349237442
R_ear 217.83878326416016 -164.98427867889404 0.9552685543894768
L_mouth 219.59487915039062 -172.17651844024658 10.066302120685577
R_mouth 215.8362579345703 -173.0210781097412 7.345336675643921
L_Shoulder 251.98436737060547 -182.5563097000122 9.357554465532303
R_Shoulder 218.85089874267578 -190.33601760864258 -7.121362537145615
L_Elbow 247.6363754272461 -219.9816370010376 18.61182004213333
R_Elbow 0.0 0.0 0.0
L_Wrist 233.70277404785156 -187.21073627471924 24.19958859682083
R_Wrist 0.0 0.0 0.0
L_pinky 231.1973762512207 -178.58741283416748 26.821529865264893
R_pinky 0.0 0.0 0.0
L_index 233.69037628173828 -175.4593563079834 26.640784740447998
R_index 0.0 0.0 0.0
L_thumb 234.5552635192871 -178.70645999908447 24.160973727703094
R_thumb 0.0 0.0 0.0
L_Hip 245.5604362487793 -255.5881404876709 5.498775839805603
R_Hip 223.87449264526367 -257.03161239624023 -5.504578351974487
nose 219.4643211364746 -167.64226913452148 12.334896624088287
L_eye_inner 222.55413055419922 -161.9683027267456 12.548469007015228
L_eye 224.0050506591797 -161.38961791992188 12.551537156105042
L_eye_outer 225.61054229736328 -160.88757991790771 12.551681697368622
R_eye_inner 219.14945602416992 -163.15680027008057 10.887346416711807
R_eye 218.44196319580078 -163.29720497131348 10.88283509016037
R_eye_outer 217.77137756347656 -163.44994068145752 10.886450856924057
L_ear 232.84446716308594 -161.71664714813232 10.40056124329567
R_ear 221.9351577758789 -163.8883352279663 1.677745021879673
L_mouth 224.4148826599121 -170.9633731842041 10.86401715874672
R_mouth 220.16647338867188 -171.30005836486816 8.685442805290222
L_Shoulder 256.2644577026367 -183.11641216278076 7.700426131486893
R_Shoulder 218.67076873779297 -188.91477584838867 -4.988404735922813
L_Elbow 252.72077560424805 -219.96859073638916 18.47193092107773
R_Elbow 0.0 0.0 0.0
L_Wrist 239.82328414916992 -186.96527481079102 31.675344705581665
R_Wrist 0.0 0.0 0.0
L_pinky 238.03213119506836 -178.11171054840088 35.38498282432556
R_pinky 0.0 0.0 0.0
L_index 239.9835968017578 -175.31962394714355 35.166481137275696
R_index 0.0 0.0 0.0
L_thumb 240.3114128112793 -178.5766839981079 31.86585009098053
R_thumb 0.0 0.0 0.0
L_Hip 247.26497650146484 -255.4280662536621 4.003498703241348
R_Hip 223.57776641845703 -256.3593578338623 -4.0053509175777435
nose 222.1951675415039 -166.64194107055664 13.098156452178955
L_eye_inner 225.02187728881836 -160.8484697341919 13.207384943962097
L_eye 226.46963119506836 -160.2760934829712 13.210275769233704
L_eye_outer 228.13024520874023 -159.8150110244751 13.21011483669281
R_eye_inner 221.72027587890625 -162.2512149810791 11.61862462759018
R_eye 220.86437225341797 -162.45009899139404 11.613855510950089
R_eye_outer 220.09841918945312 -162.6399850845337 11.6175077855587
L_ear 235.21923065185547 -160.96866130828857 10.065153986215591
R_ear 223.82850646972656 -163.10189723968506 2.3416873067617416
L_mouth 226.87788009643555 -169.95739459991455 11.537901312112808
R_mouth 222.65480041503906 -170.3275966644287 9.446050226688385
L_Shoulder 258.62817764282227 -183.6057472229004 7.768821716308594
R_Shoulder 218.8570213317871 -188.334002494812 -4.186300560832024
L_Elbow 255.4323387145996 -220.02535343170166 18.793848156929016
R_Elbow 0.0 0.0 0.0
L_Wrist 243.1479263305664 -186.85390949249268 32.72996246814728
R_Wrist 0.0 0.0 0.0
L_pinky 241.02100372314453 -177.86084175109863 36.470770835876465
R_pinky 0.0 0.0 0.0
L_index 242.78911590576172 -175.23589611053467 36.26950681209564
R_index 0.0 0.0 0.0
L_thumb 243.23543548583984 -178.48946571350098 32.940226793289185
R_thumb 0.0 0.0 0.0
L_Hip 248.4909439086914 -255.47344207763672 3.751157969236374
R_Hip 223.70433807373047 -256.2590217590332 -3.7528730928897858
nose 224.02647018432617 -165.83561897277832 13.399633765220642
L_eye_inner 226.856689453125 -159.92952346801758 13.473746180534363
L_eye 228.4010124206543 -159.42033290863037 13.476631045341492
L_eye_outer 230.05748748779297 -159.01820182800293 13.476073741912842
R_eye_inner 223.59628677368164 -161.43423557281494 11.886487156152725
R_eye 222.66843795776367 -161.7514944076538 11.881790310144424
R_eye_outer 221.75453186035156 -162.06132888793945 11.885815858840942
L_ear 236.9380760192871 -160.54022312164307 9.966112673282623
R_ear 224.9837303161621 -162.79402256011963 2.5089582428336143
L_mouth 228.75926971435547 -169.34783935546875 11.809618771076202
R_mouth 224.4985580444336 -169.83006477355957 9.71645712852478
L_Shoulder 260.1212501525879 -183.85681629180908 7.668139040470123
R_Shoulder 218.96230697631836 -187.9548740386963 -3.8164325058460236
L_Elbow 257.13842391967773 -220.1773166656494 18.65105777978897
R_Elbow 0.0 0.0 0.0
L_Wrist 244.59997177124023 -186.8395185470581 32.63309895992279
R_Wrist 0.0 0.0 0.0
L_pinky 242.4755096435547 -177.85172939300537 36.44317090511322
R_pinky 0.0 0.0 0.0
L_index 244.2662239074707 -175.20037651062012 36.24001443386078
R_index 0.0 0.0 0.0
L_thumb 244.654541015625 -178.42480659484863 32.85386264324188
R_thumb 0.0 0.0 0.0
L_Hip 249.59033966064453 -255.35888671875 3.4882374107837677
R_Hip 223.81473541259766 -255.89632987976074 -3.4888964146375656
nose 226.30151748657227 -165.43323040008545 13.03105354309082
L_eye_inner 229.08885955810547 -159.5223569869995 13.032440841197968
L_eye 230.75748443603516 -158.9837408065796 13.035169243812561
L_eye_outer 232.51523971557617 -158.55822086334229 13.034681975841522
R_eye_inner 225.68374633789062 -161.20428085327148 11.54925599694252
R_eye 224.8524284362793 -161.57858848571777 11.54477447271347
R_eye_outer 223.9261817932129 -161.94076538085938 11.548451334238052
L_ear 238.96984100341797 -159.9723243713379 9.497807174921036
R_ear 226.64316177368164 -162.71603107452393 2.405119501054287
L_mouth 231.83488845825195 -169.0803623199463 11.391226202249527
R_mouth 226.99188232421875 -169.70593929290771 9.440677613019943
L_Shoulder 261.69057846069336 -184.24993515014648 6.856684386730194
R_Shoulder 219.77849960327148 -187.62827396392822 -3.606606274843216
L_Elbow 258.74629974365234 -220.2821445465088 17.86557286977768
R_Elbow 0.0 0.0 0.0
L_Wrist 246.8242645263672 -186.82693004608154 31.393331289291382
R_Wrist 0.0 0.0 0.0
L_pinky 244.46781158447266 -177.84215927124023 35.087791085243225
R_pinky 0.0 0.0 0.0
L_index 246.3127326965332 -175.19246578216553 34.90559160709381
R_index 0.0 0.0 0.0
L_thumb 246.7555809020996 -178.37671279907227 31.620341539382935
R_thumb 0.0 0.0 0.0
L_Hip 249.98077392578125 -255.34652709960938 3.291032835841179
R_Hip 223.83533477783203 -255.83959579467773 -3.2901935279369354
nose 232.64936447143555 -164.37060356140137 12.163814157247543
L_eye_inner 234.89431381225586 -158.75474452972412 12.386764585971832
L_eye 236.54571533203125 -158.32991123199463 12.387321889400482
L_eye_outer 238.27022552490234 -157.9548168182373 12.385745346546173
R_eye_inner 230.7468032836914 -160.26679515838623 10.665807873010635
R_eye 229.64086532592773 -160.7906198501587 10.660896450281143
R_eye_outer 228.62998962402344 -161.33667469024658 10.663004964590073
L_ear 243.4554672241211 -159.41275119781494 6.424109637737274
R_ear 229.51757431030273 -162.57715702056885 1.6655446961522102
L_mouth 238.39387893676758 -168.29014778137207 10.568348318338394
R_mouth 232.35321044921875 -169.2080783843994 8.569823205471039
L_Shoulder 264.43212509155273 -184.59866523742676 3.442271053791046
R_Shoulder 221.9124412536621 -186.7495822906494 -4.663293808698654
L_Elbow 263.78198623657227 -220.28490543365479 13.284751772880554
R_Elbow 0.0 0.0 0.0
L_Wrist 251.60837173461914 -189.21900272369385 28.86785864830017
R_Wrist 0.0 0.0 0.0
L_pinky 249.5821189880371 -180.36020278930664 31.837165355682373
R_pinky 0.0 0.0 0.0
L_index 251.50720596313477 -176.34801864624023 31.511342525482178
R_index 0.0 0.0 0.0
L_thumb 251.5789794921875 -179.83906745910645 28.715163469314575
R_thumb 0.0 0.0 0.0
L_Hip 251.1014175415039 -253.9907455444336 2.7913767844438553
R_Hip 224.79503631591797 -253.37556838989258 -2.795320190489292
nose 234.49583053588867 -163.93728733062744 12.044905126094818
L_eye_inner 236.80849075317383 -158.56906414031982 11.386581510305405
L_eye 238.39689254760742 -158.18196773529053 11.387171596288681
L_eye_outer 240.09952545166016 -157.84300804138184 11.38651967048645
R_eye_inner 232.81972885131836 -159.93852138519287 10.422005504369736
R_eye 231.7842674255371 -160.42280673980713 10.417640209197998
R_eye_outer 230.85430145263672 -160.968017578125 10.416100919246674
L_ear 245.44593811035156 -159.36063766479492 5.2166420966386795
R_ear 231.74945831298828 -162.42014408111572 0.751273101195693
L_mouth 239.99267578125 -167.91717052459717 9.628255665302277
R_mouth 234.12181854248047 -168.72673988342285 8.494996279478073
L_Shoulder 265.90723037719727 -185.02294063568115 2.1090982481837273
R_Shoulder 223.23633193969727 -186.21655941009521 -4.7865115106105804
L_Elbow 265.60482025146484 -220.27785301208496 11.902481317520142
R_Elbow 0.0 0.0 0.0
L_Wrist 254.0272331237793 -189.94106769561768 27.40696370601654
R_Wrist 0.0 0.0 0.0
L_pinky 252.4378204345703 -180.81786632537842 31.472226977348328
R_pinky 0.0 0.0 0.0
L_index 254.04146194458008 -176.8372678756714 31.194716691970825
R_index 0.0 0.0 0.0
L_thumb 253.8435173034668 -180.34456729888916 27.57522165775299
R_thumb 0.0 0.0 0.0
L_Hip 252.36648559570312 -253.4695529937744 2.4169987067580223
R_Hip 225.53430557250977 -252.9440402984619 -2.421427145600319
nose 236.88190460205078 -163.23233127593994 12.123361974954605
L_eye_inner 239.26416397094727 -158.326678276062 11.366359889507294
L_eye 240.8492660522461 -158.04877281188965 11.367075145244598
L_eye_outer 242.69153594970703 -157.79786109924316 11.366687715053558
R_eye_inner 235.2395248413086 -159.245023727417 10.432539880275726
R_eye 234.13358688354492 -159.57618713378906 10.428039729595184
R_eye_outer 233.10670852661133 -160.00536918640137 10.426570475101471
L_ear 247.54709243774414 -159.40577030181885 4.582029953598976
R_ear 233.4589958190918 -161.98864459991455 0.6819519214332104
L_mouth 241.48059844970703 -167.53626823425293 9.593600779771805
R_mouth 235.9561538696289 -168.09678554534912 8.450594544410706
L_Shoulder 266.30395889282227 -185.28080463409424 1.7314519733190536
R_Shoulder 224.51749801635742 -185.9892225265503 -5.2573733031749725
L_Elbow 267.051944732666 -220.32453060150146 11.738065630197525
R_Elbow 0.0 0.0 0.0
L_Wrist 256.319580078125 -190.30497550964355 27.35578417778015
R_Wrist 212.2065544128418 -235.87934017181396 3.7293042987585068
L_pinky 254.77590560913086 -181.0953426361084 31.262502074241638
R_pinky 0.0 0.0 0.0
L_index 256.1086654663086 -177.30204105377197 30.956175923347473
R_index 0.0 0.0 0.0
L_thumb 255.8997917175293 -180.7730197906494 27.53657102584839
R_thumb 0.0 0.0 0.0
L_Hip 253.50824356079102 -252.93133735656738 2.642274834215641
R_Hip 226.77061080932617 -252.6459789276123 -2.647351659834385
nose 247.47177124023438 -161.73913478851318 11.410319805145264
L_eye_inner 250.41170120239258 -157.38382816314697 9.915832430124283
L_eye 252.20670700073242 -157.2689723968506 9.916913509368896
L_eye_outer 253.94811630249023 -157.2588300704956 9.918437898159027
R_eye_inner 245.63116073608398 -157.90750980377197 9.63340699672699
R_eye 244.11495208740234 -158.0464267730713 9.629827737808228
R_eye_outer 242.74465560913086 -158.20931911468506 9.626589715480804
L_ear 258.3363914489746 -159.4699001312256 2.005271054804325
R_ear 242.07622528076172 -160.78707218170166 0.07316404371522367
L_mouth 251.12812042236328 -166.90831661224365 8.274427056312561
R_mouth 245.28173446655273 -166.8607234954834 7.907442003488541
L_Shoulder 272.3114585876465 -187.81800270080566 -0.7591752801090479
R_Shoulder 230.87451934814453 -185.45366764068604 -5.677587911486626
L_Elbow 275.1958656311035 -223.0400276184082 8.12051147222519
R_Elbow 0.0 0.0 0.0
L_Wrist 265.7020950317383 -192.09438800811768 22.500717639923096
R_Wrist 216.0206413269043 -235.89905261993408 4.61694560945034
L_pinky 265.5147171020508 -182.33965873718262 26.299595832824707
R_pinky 217.03279495239258 -245.77314376831055 6.775909662246704
L_index 266.68649673461914 -178.74695777893066 25.97120702266693
R_index 221.47808074951172 -243.37594985961914 8.522322028875351
L_thumb 265.64001083374023 -182.6819372177124 22.760803997516632
R_thumb 222.02226638793945 -240.58490753173828 5.5561356246471405
L_Hip 259.722900390625 -252.86673545837402 1.9983280450105667
R_Hip 231.63433074951172 -252.75415420532227 -2.002629078924656
nose 250.0229835510254 -161.54823303222656 12.337267398834229
L_eye_inner 252.97348022460938 -157.30931282043457 10.55489331483841
L_eye 254.68290328979492 -157.25256443023682 10.554651916027069
L_eye_outer 256.40661239624023 -157.28137493133545 10.55600643157959
R_eye_inner 248.18836212158203 -157.68267631530762 10.6304369866848
R_eye 246.56448364257812 -157.78746128082275 10.625972598791122
R_eye_outer 245.1474380493164 -157.93617725372314 10.623244196176529
L_ear 260.38196563720703 -159.60123538970947 2.974214591085911
R_ear 243.96282196044922 -160.65756797790527 1.3146561570465565
L_mouth 253.2806396484375 -166.83424472808838 8.800593763589859
R_mouth 247.43730545043945 -166.59986972808838 8.898860216140747
L_Shoulder 273.23619842529297 -188.36288452148438 -0.21168941166251898
R_Shoulder 232.13504791259766 -185.29383659362793 -4.592053219676018
L_Elbow 277.2145462036133 -223.6268949508667 8.234122395515442
R_Elbow 215.42259216308594 -213.46954822540283 -4.232716932892799
L_Wrist 267.8501319885254 -192.0800256729126 22.93413132429123
R_Wrist 217.40934371948242 -235.8674955368042 5.082563683390617
L_pinky 267.9127502441406 -182.2901201248169 26.754897832870483
R_pinky 218.4920310974121 -245.76066970825195 7.281644642353058
L_index 268.91204833984375 -178.8268518447876 26.4151394367218
R_index 222.9098892211914 -243.18222999572754 8.985477685928345
L_thumb 267.6383399963379 -182.8463888168335 23.195168375968933
R_thumb 223.47881317138672 -240.38861274719238 5.978468805551529
L_Hip 260.9543800354004 -252.74313926696777 1.6399368643760681
R_Hip 232.6494026184082 -252.691068649292 -1.6443192958831787
nose 257.03338623046875 -161.55285358428955 15.08871465921402
L_eye_inner 259.9977493286133 -157.45229244232178 13.580584526062012
L_eye 261.72176361083984 -157.42578506469727 13.581040501594543
L_eye_outer 263.39954376220703 -157.4097776412964 13.581259548664093
R_eye_inner 255.23456573486328 -157.649188041687 13.565552234649658
R_eye 253.49342346191406 -157.70813941955566 13.560816645622253
R_eye_outer 251.81812286376953 -157.75477409362793 13.559916615486145
L_ear 266.9366455078125 -160.40968894958496 4.340362176299095
R_ear 249.87232208251953 -160.42043209075928 4.6170927584171295
L_mouth 259.86719131469727 -166.96547985076904 11.711084842681885
R_mouth 253.97916793823242 -166.39859676361084 11.737388372421265
L_Shoulder 277.26043701171875 -189.38886165618896 0.5522060208022594
R_Shoulder 236.0519027709961 -184.8388910293579 -1.6843177378177643
L_Elbow 280.90978622436523 -225.00243186950684 9.414929151535034
R_Elbow 218.0200958251953 -213.377423286438 -0.2462682779878378
L_Wrist 274.35577392578125 -191.61802768707275 26.656121015548706
R_Wrist 221.52467727661133 -235.9675168991089 10.00768318772316
L_pinky 275.1908493041992 -181.9164276123047 30.67459762096405
R_pinky 222.40087509155273 -245.78478813171387 12.293146550655365
L_index 276.03076934814453 -178.54461193084717 30.425792932510376
R_index 226.37767791748047 -243.0933666229248 13.994966447353363
L_thumb 274.62778091430664 -182.49130725860596 26.99761986732483
R_thumb 226.94671630859375 -240.34051895141602 10.889116674661636
L_Hip 264.2176818847656 -253.39739799499512 1.4999890699982643
R_Hip 236.23905181884766 -252.91468620300293 -1.5042304992675781
nose 267.07000732421875 -161.69464588165283 15.40367305278778
L_eye_inner 269.89736557006836 -157.58254051208496 14.09199833869934
L_eye 271.34103775024414 -157.55859375 14.092184603214264
L_eye_outer 272.8449058532715 -157.8197479248047 14.09226655960083
R_eye_inner 265.1283264160156 -157.6825189590454 13.993783295154572
R_eye 263.31600189208984 -157.72303104400635 13.989444077014923
R_eye_outer 261.4522933959961 -157.75041103363037 13.989023864269257
L_ear 275.384521484375 -161.4246940612793 5.411886051297188
R_ear 258.0461120605469 -160.3392505645752 5.699778720736504
L_mouth 269.32056427001953 -167.1831178665161 12.30100393295288
R_mouth 263.50412368774414 -166.44075393676758 12.253323942422867
L_Shoulder 283.6659622192383 -190.73583126068115 1.515323668718338
R_Shoulder 241.5408706665039 -184.20289993286133 0.09238411439582705
L_Elbow 287.90536880493164 -225.69464206695557 10.313981771469116
R_Elbow 222.0028305053711 -213.31565380096436 2.1046580746769905
L_Wrist 284.8764991760254 -190.56128025054932 28.04756462574005
R_Wrist 227.15972900390625 -236.14243984222412 11.520566046237946
L_pinky 285.67575454711914 -180.9217071533203 31.767114996910095
R_pinky 228.92518997192383 -245.64608573913574 13.604375720024109
L_index 286.27416610717773 -177.95406818389893 31.305953860282898
R_index 232.70475387573242 -242.5624179840088 15.020602941513062
L_thumb 285.08792877197266 -181.57610893249512 28.14883291721344
R_thumb 232.8705596923828 -239.88226890563965 12.23452314734459
L_Hip 269.928035736084 -254.78962898254395 1.007858756929636
R_Hip 240.82820892333984 -253.00329208374023 -1.0076897218823433
nose 273.7528419494629 -161.50388717651367 10.285769402980804
L_eye_inner 276.39270782470703 -157.59768962860107 8.648969233036041
L_eye 277.79052734375 -157.6255989074707 8.648966252803802
L_eye_outer 279.30572509765625 -157.9908800125122 8.65003615617752
R_eye_inner 272.103214263916 -157.42900371551514 8.887141942977905
R_eye 270.45291900634766 -157.37345695495605 8.882839232683182
R_eye_outer 268.35901260375977 -157.32311725616455 8.88160988688469
L_ear 280.8534812927246 -161.56873226165771 -0.3746607108041644
R_ear 264.2231750488281 -160.00605583190918 0.987569522112608
L_mouth 275.14307022094727 -167.142333984375 6.948321312665939
R_mouth 269.8577308654785 -166.05916500091553 7.343945652246475
L_Shoulder 287.58060455322266 -190.64806938171387 -4.106741398572922
R_Shoulder 245.6063461303711 -183.64079475402832 -3.8278501480817795
L_Elbow 291.0397720336914 -226.21378898620605 3.0355695635080338
R_Elbow 223.6349105834961 -212.6295804977417 -2.118656225502491
L_Wrist 289.81740951538086 -190.94774723052979 18.014386296272278
R_Wrist 230.57802200317383 -235.3262758255005 6.663618236780167
L_pinky 291.5956115722656 -181.396222114563 21.821880340576172
R_pinky 233.18960189819336 -244.11669731140137 9.038456529378891
L_index 292.584171295166 -178.0548334121704 21.811246871948242
R_index 237.32418060302734 -241.17633819580078 10.220366716384888
L_thumb 291.0713768005371 -181.58921241760254 18.48694235086441
R_thumb 237.31267929077148 -238.75152111053467 7.27124884724617
L_Hip 273.67589950561523 -255.39210319519043 0.06539729656651616
R_Hip 244.64309692382812 -252.95413970947266 -0.06839138804934919
nose 274.90222930908203 -161.5166187286377 8.385133743286133
L_eye_inner 277.5290298461914 -157.66775608062744 6.708192825317383
L_eye 278.90249252319336 -157.7818250656128 6.708373129367828
L_eye_outer 280.39281845092773 -158.20398330688477 6.710528582334518
R_eye_inner 273.2264709472656 -157.43914604187012 6.957746297121048
R_eye 271.34769439697266 -157.373628616333 6.953719258308411
R_eye_outer 269.17633056640625 -157.30432033538818 6.952137500047684
L_ear 281.81432723999023 -161.7602777481079 -2.326233871281147
R_ear 265.0833511352539 -159.9172067642212 -0.9086410515010357
L_mouth 276.1585998535156 -167.17450618743896 5.035073310136795
R_mouth 270.8384132385254 -166.0735273361206 5.451091006398201
L_Shoulder 288.34197998046875 -190.71510314941406 -6.00472204387188
R_Shoulder 246.75626754760742 -183.48857402801514 -5.774987488985062
L_Elbow 292.1548843383789 -226.2312412261963 0.7565519772469997
R_Elbow 223.93182754516602 -212.12543964385986 -5.250773951411247
L_Wrist 291.43932342529297 -191.33201122283936 14.97008502483368
R_Wrist 231.58435821533203 -234.99428272247314 2.3971933871507645
L_pinky 293.0275535583496 -181.9929599761963 18.672503530979156
R_pinky 234.354248046875 -243.56151580810547 4.564013704657555
L_index 293.92053604125977 -178.56760025024414 18.74157041311264
R_index 238.44820022583008 -240.5489158630371 5.956441909074783
L_thumb 292.4004554748535 -181.93047523498535 15.463687479496002
R_thumb 238.3159637451172 -238.0651330947876 3.0611589550971985
L_Hip 274.41822052001953 -255.57540893554688 -0.0349203561199829
R_Hip 245.82910537719727 -252.93723106384277 0.029755622381344438
nose 275.94226837158203 -161.560320854187 8.640313148498535
L_eye_inner 278.58373641967773 -157.7594518661499 6.983508914709091
L_eye 279.98632431030273 -157.94570446014404 6.983709335327148
L_eye_outer 281.5071105957031 -158.41479778289795 6.984999030828476
R_eye_inner 274.23938751220703 -157.4474573135376 7.204736024141312
R_eye 272.26146697998047 -157.38332748413086 7.200782746076584
R_eye_outer 270.12943267822266 -157.30563640594482 7.200261950492859
L_ear 282.9410743713379 -161.92052364349365 -1.8420008942484856
R_ear 266.058349609375 -159.84254837036133 -0.5394409876316786
L_mouth 277.2333335876465 -167.32791423797607 5.381409451365471
R_mouth 271.85791015625 -166.11722946166992 5.767340213060379
L_Shoulder 289.0305519104004 -190.8418321609497 -5.244835466146469
R_Shoulder 247.61140823364258 -183.27677249908447 -5.461017414927483
L_Elbow 292.8798294067383 -226.3401460647583 1.6064025461673737
R_Elbow 224.4247817993164 -212.1377420425415 -4.9605172127485275
L_Wrist 292.0979881286621 -191.73404216766357 15.76724499464035
R_Wrist 232.4154281616211 -234.7862720489502 2.5077680125832558
L_pinky 293.5853576660156 -182.40227222442627 19.368286430835724
R_pinky 235.267333984375 -243.21175575256348 4.4876135885715485
L_index 294.60779190063477 -178.89966487884521 19.190844893455505
R_index 239.2660903930664 -240.1878833770752 5.786624550819397
L_thumb 293.00411224365234 -182.30903148651123 16.13946557044983
R_thumb 239.05410766601562 -237.65700817108154 3.112231194972992
L_Hip 275.4073143005371 -255.57964324951172 0.15551510732620955
R_Hip 247.1136474609375 -252.68385887145996 -0.16036720480769873
nose 276.53738021850586 -161.92517280578613 10.255197435617447
L_eye_inner 279.22414779663086 -158.02133560180664 7.75991827249527
L_eye 280.6906509399414 -158.24365139007568 7.76481032371521
L_eye_outer 282.2408103942871 -158.73144149780273 7.769270241260529
R_eye_inner 274.8195266723633 -157.57916450500488 8.725907653570175
R_eye 272.75684356689453 -157.46383666992188 8.725826442241669
R_eye_outer 270.65317153930664 -157.3430299758911 8.729194849729538
L_ear 283.7052536010742 -162.1256446838379 -0.016628501180093735
R_ear 266.6141891479492 -159.8225498199463 -0.4406099207699299
L_mouth 277.7131652832031 -167.76663780212402 5.838092416524887
R_mouth 272.297306060791 -166.49617195129395 6.879906356334686
L_Shoulder 289.9910354614258 -190.80591201782227 -3.98949533700943
R_Shoulder 248.2427978515625 -182.92548179626465 -4.678908735513687
L_Elbow 293.6137390136719 -226.30170822143555 2.8559675440192223
R_Elbow 224.5708465576172 -211.7936611175537 -5.271383374929428
L_Wrist 293.2583999633789 -192.22693920135498 18.75012367963791
R_Wrist 233.1278419494629 -234.80170726776123 2.312381751835346
L_pinky 294.5853042602539 -182.84332752227783 22.588765621185303
R_pinky 236.1505889892578 -243.2695770263672 4.478326067328453
L_index 295.6215476989746 -179.2889928817749 22.497883439064026
R_index 240.1300048828125 -240.18762588500977 5.923816561698914
L_thumb 294.09433364868164 -182.76556491851807 19.20256018638611
R_thumb 239.80731964111328 -237.6331329345703 2.9663201421499252
L_Hip 276.2154769897461 -255.620756149292 0.2767037833109498
R_Hip 248.15654754638672 -252.6833724975586 -0.2820321125909686
nose 277.39309310913086 -162.22031593322754 11.22395545244217
L_eye_inner 280.04587173461914 -158.22033405303955 8.50568562746048
L_eye 281.51065826416016 -158.50775241851807 8.512045443058014
L_eye_outer 283.0332946777344 -159.02461051940918 8.52000117301941
R_eye_inner 275.6813430786133 -157.64380931854248 9.627129882574081
R_eye 273.6638832092285 -157.49200344085693 9.628242254257202
R_eye_outer 271.5557289123535 -157.34845161437988 9.631301462650299
L_ear 284.3288230895996 -162.32781887054443 0.4074623342603445
R_ear 267.4557876586914 -159.80785846710205 -0.1483014435507357
L_mouth 278.4638023376465 -168.05673122406006 5.937714502215385
R_mouth 272.9716491699219 -166.73758506774902 7.674895226955414
L_Shoulder 290.8781051635742 -190.7989740371704 -3.9128385484218597
R_Shoulder 248.5153579711914 -182.66643047332764 -4.433326795697212
L_Elbow 294.37618255615234 -226.2722110748291 2.9110372066497803
R_Elbow 224.56157684326172 -211.5397024154663 -4.7064825892448425
L_Wrist 294.28531646728516 -192.5498914718628 19.554035365581512
R_Wrist 233.8197898864746 -234.79023456573486 3.5852190107107162
L_pinky 295.40782928466797 -183.17912578582764 23.512084782123566
R_pinky 237.0052146911621 -243.22726249694824 5.795548111200333
L_index 296.4033889770508 -179.49746131896973 23.42178523540497
R_index 241.08524322509766 -240.13675689697266 7.264719903469086
L_thumb 294.93947982788086 -183.0327272415161 20.055687427520752
R_thumb 240.71701049804688 -237.57868766784668 4.267220199108124
L_Hip 276.7452621459961 -256.08189582824707 0.34017444122582674
R_Hip 248.73329162597656 -252.96266555786133 -0.34606331028044224
nose 278.8356399536133 -162.31743335723877 11.240972578525543
L_eye_inner 281.3133239746094 -158.29114437103271 9.115958958864212
L_eye 282.716121673584 -158.60870361328125 9.118881821632385
L_eye_outer 284.13137435913086 -159.11925315856934 9.123145043849945
R_eye_inner 277.07143783569336 -157.65446662902832 9.655828028917313
R_eye 275.1360511779785 -157.49719619750977 9.654245525598526
R_eye_outer 272.97815322875977 -157.35856533050537 9.655134379863739
L_ear 284.9784851074219 -162.34172344207764 -0.25804550386965275
R_ear 268.4248924255371 -159.7545576095581 0.6340041756629944
L_mouth 279.82479095458984 -168.10722827911377 7.0605263113975525
R_mouth 274.4598960876465 -166.79819583892822 7.882241904735565
L_Shoulder 291.3882827758789 -190.7764720916748 -4.3946318328380585
R_Shoulder 249.13997650146484 -182.56413459777832 -5.260208994150162
L_Elbow 294.94449615478516 -226.17809772491455 2.576315402984619
R_Elbow 224.4023895263672 -211.11668586730957 -5.602513626217842
L_Wrist 294.42907333374023 -192.9222536087036 19.684012234210968
R_Wrist 234.54208374023438 -234.66108798980713 2.732757106423378
L_pinky 296.3071632385254 -183.5655641555786 23.733821511268616
R_pinky 238.0331039428711 -243.01737785339355 4.864310473203659
L_index 297.18189239501953 -179.8947286605835 23.761022090911865
R_index 242.27102279663086 -239.98332023620605 6.256560236215591
L_thumb 295.5318069458008 -183.40733528137207 20.220598578453064
R_thumb 241.77156448364258 -237.37080574035645 3.3683914691209793
L_Hip 277.4134826660156 -256.0659599304199 0.49137724563479424
R_Hip 249.79681015014648 -252.96475410461426 -0.5022107157856226
nose 279.6391296386719 -162.44397640228271 12.604403495788574
L_eye_inner 282.23825454711914 -158.41557025909424 10.615776479244232
L_eye 283.67767333984375 -158.77191066741943 10.61902791261673
L_eye_outer 285.0982093811035 -159.26260471343994 10.623185336589813
R_eye_inner 277.8555679321289 -157.6719617843628 11.035803705453873
R_eye 275.90036392211914 -157.502703666687 11.033912748098373
R_eye_outer 273.73159408569336 -157.36669063568115 11.035864055156708
L_ear 285.84726333618164 -162.4050235748291 -0.10482694488018751
R_ear 269.00888442993164 -159.74840641021729 1.926969550549984
L_mouth 280.57586669921875 -168.16044330596924 8.518395572900772
R_mouth 275.1553726196289 -166.92436695098877 9.203599393367767
L_Shoulder 292.2067642211914 -190.76491355895996 -3.8795463740825653
R_Shoulder 249.94171142578125 -182.38888263702393 -4.945431277155876
L_Elbow 295.46382904052734 -226.17868423461914 3.274839371442795
R_Elbow 224.39001083374023 -210.62310218811035 -5.368780344724655
L_Wrist 295.26098251342773 -194.07066822052002 20.90614289045334
R_Wrist 235.27837753295898 -234.60665702819824 2.655046619474888
L_pinky 297.3583984375 -184.48398113250732 25.174736976623535
R_pinky 238.97907257080078 -243.0406379699707 4.752964526414871
L_index 298.3308410644531 -180.79716682434082 25.309351086616516
R_index 243.36498260498047 -239.98083114624023 6.250706315040588
L_thumb 296.5158462524414 -184.26512718200684 21.501536667346954
R_thumb 242.82142639160156 -237.327618598938 3.3122073858976364
L_Hip 278.2568359375 -256.1876106262207 0.4659600090235472
R_Hip 251.07398986816406 -252.9782009124756 -0.47658896073699
nose 280.338134765625 -162.61736869812012 12.483389675617218
L_eye_inner 282.99463272094727 -158.63498210906982 10.591127723455429
L_eye 284.39157485961914 -159.02618408203125 10.593849420547485
L_eye_outer 285.8195114135742 -159.4969654083252 10.597479343414307
R_eye_inner 278.64471435546875 -157.71738052368164 10.936379432678223
R_eye 276.754207611084 -157.50768184661865 10.934014618396759
R_eye_outer 274.60622787475586 -157.37156867980957 10.935410112142563
L_ear 286.51662826538086 -162.50972270965576 0.17064895946532488
R_ear 269.59896087646484 -159.76567268371582 1.9409459084272385
L_mouth 281.19808197021484 -168.29960346221924 8.51917415857315
R_mouth 275.79227447509766 -167.11562633514404 9.148525446653366
L_Shoulder 292.75543212890625 -190.76354026794434 -4.279797896742821
R_Shoulder 250.24957656860352 -182.32566833496094 -4.684336483478546
L_Elbow 296.46663665771484 -226.19523525238037 3.123447671532631
R_Elbow 224.35588836669922 -210.48019409179688 -5.3536556661129
L_Wrist 296.09371185302734 -194.66862201690674 21.029873192310333
R_Wrist 236.3308334350586 -234.61860179901123 2.3859675973653793
L_pinky 298.330135345459 -184.8966407775879 25.26351809501648
R_pinky 240.1816177368164 -243.05059432983398 4.4593073427677155
L_index 299.0289306640625 -181.20015621185303 25.276142358779907
R_index 244.61162567138672 -240.01121520996094 5.872610956430435
L_thumb 297.0766067504883 -184.6532678604126 21.569736301898956
R_thumb 244.04830932617188 -237.3674440383911 2.990126982331276
L_Hip 278.66546630859375 -256.2725830078125 0.18956881249323487
R_Hip 251.45130157470703 -252.980375289917 -0.1990145305171609
nose 280.94390869140625 -162.77127742767334 11.377507448196411
L_eye_inner 283.7313461303711 -158.85478019714355 9.43862646818161
L_eye 285.11343002319336 -159.25928592681885 9.441328048706055
L_eye_outer 286.59881591796875 -159.727463722229 9.444928914308548
R_eye_inner 279.29378509521484 -157.79969215393066 9.815177321434021
R_eye 277.4332618713379 -157.53082752227783 9.812545776367188
R_eye_outer 275.28148651123047 -157.37525939941406 9.814523160457611
L_ear 287.20224380493164 -162.55745887756348 -0.7585742510855198
R_ear 270.2933120727539 -159.7728681564331 1.1424265801906586
L_mouth 281.7262840270996 -168.44088077545166 7.534676790237427
R_mouth 276.40771865844727 -167.28607177734375 8.147062361240387
L_Shoulder 293.31787109375 -190.75239658355713 -5.398156493902206
R_Shoulder 250.6983757019043 -182.2077512741089 -5.031607672572136
L_Elbow 297.1501159667969 -226.22230052947998 2.0581113174557686
R_Elbow 224.37929153442383 -210.31455516815186 -5.951778218150139
L_Wrist 297.43371963500977 -194.9440097808838 20.29544860124588
R_Wrist 237.2359848022461 -234.7161340713501 1.5480689704418182
L_pinky 299.62289810180664 -185.1904535293579 24.47808086872101
R_pinky 241.25324249267578 -243.22071075439453 3.4927789121866226
L_index 300.1814651489258 -181.46563053131104 24.28029030561447
R_index 245.67386627197266 -240.09249687194824 4.819472506642342
L_thumb 298.22818756103516 -184.85684394836426 20.72899639606476
R_thumb 245.09607315063477 -237.4385690689087 2.089148759841919
L_Hip 279.8124694824219 -256.2186813354492 -0.11768841650336981
R_Hip 252.52960205078125 -252.94644355773926 0.10945494286715984
nose 285.9373474121094 -163.466477394104 13.367864489555359
L_eye_inner 288.48388671875 -159.48602199554443 11.40422597527504
L_eye 289.6830749511719 -159.8897123336792 11.406601965427399
L_eye_outer 290.8603858947754 -160.28966903686523 11.407947540283203
R_eye_inner 283.91653060913086 -158.2994556427002 12.283805757761002
R_eye 281.91308975219727 -157.90414810180664 12.281286716461182
R_eye_outer 279.995174407959 -157.58660316467285 12.284518778324127
L_ear 290.133056640625 -162.6343059539795 1.020708866417408
R_ear 274.62194442749023 -159.6148681640625 5.381065607070923
L_mouth 285.87818145751953 -169.0537405014038 9.460122138261795
R_mouth 280.736083984375 -167.99912452697754 10.739761590957642
L_Shoulder 295.1454544067383 -190.6431770324707 -4.888635873794556
R_Shoulder 252.667236328125 -181.6448736190796 -0.08937324164435267
L_Elbow 300.1523780822754 -226.38384819030762 2.341577224433422
R_Elbow 224.63693618774414 -210.39208889007568 -0.49651293084025383
L_Wrist 301.52591705322266 -195.5846071243286 20.1901912689209
R_Wrist 240.82395553588867 -236.78651332855225 5.782646685838699
L_pinky 304.24488067626953 -186.45004749298096 23.830166459083557
R_pinky 244.80670928955078 -246.4365005493164 7.60551393032074
L_index 303.79940032958984 -182.82026767730713 23.59892427921295
R_index 249.80152130126953 -242.71679878234863 8.526285737752914
L_thumb 301.48685455322266 -185.75238704681396 20.56684046983719
R_thumb 249.43222045898438 -239.916672706604 6.046958640217781
L_Hip 282.72289276123047 -256.5739345550537 -1.9604245200753212
R_Hip 256.5304183959961 -253.90417098999023 1.9615720957517624
nose 292.8220558166504 -163.20608139038086 14.472547173500061
L_eye_inner 295.0994300842285 -159.11752223968506 12.437497079372406
L_eye 296.19251251220703 -159.47198867797852 12.44100108742714
L_eye_outer 297.235107421875 -159.78780269622803 12.442757934331894
R_eye_inner 290.6026268005371 -157.71340370178223 13.833168148994446
R_eye 288.4669494628906 -157.06438064575195 13.830162584781647
R_eye_outer 286.4217185974121 -156.45019054412842 13.832809031009674
L_ear 295.8766174316406 -161.4115333557129 1.3240369968116283
R_ear 280.56142807006836 -157.9536008834839 7.957535982131958
L_mouth 292.66117095947266 -168.60135555267334 10.206558555364609
R_mouth 287.2246742248535 -167.68245220184326 12.136491388082504
L_Shoulder 300.178279876709 -189.04000282287598 -5.895612761378288
R_Shoulder 255.85033416748047 -181.0975456237793 3.0959198251366615
L_Elbow 303.9006042480469 -225.84384441375732 0.11612153612077236
R_Elbow 226.6893196105957 -210.6011152267456 3.608419746160507
L_Wrist 308.43530654907227 -196.13768577575684 20.019257068634033
R_Wrist 248.7881851196289 -238.64633560180664 10.54588407278061
L_pinky 310.9812927246094 -187.51474857330322 24.042406678199768
R_pinky 253.9844512939453 -249.78246688842773 12.999217212200165
L_index 310.95163345336914 -183.59776496887207 24.628035724163055
R_index 258.59676361083984 -244.62544441223145 13.710567355155945
L_thumb 308.6932373046875 -186.56463146209717 20.831020176410675
R_thumb 258.0399513244629 -241.5791130065918 10.70934683084488
L_Hip 286.1806869506836 -258.1187438964844 -3.7001587450504303
R_Hip 261.2017250061035 -256.2864589691162 3.696877136826515
nose 294.27154541015625 -162.49739170074463 14.333537220954895
L_eye_inner 296.1907386779785 -158.1432294845581 12.354892492294312
L_eye 297.19715118408203 -158.46067428588867 12.358169257640839
L_eye_outer 298.1290817260742 -158.72510433197021 12.36036792397499
R_eye_inner 291.94833755493164 -156.7110013961792 13.73055875301361
R_eye 289.77697372436523 -156.05614185333252 13.727614283561707
R_eye_outer 287.68972396850586 -155.4527235031128 13.730767369270325
L_ear 296.4458656311035 -160.11571884155273 1.3490398414433002
R_ear 281.58435821533203 -156.83172225952148 7.982565462589264
L_mouth 294.0830993652344 -167.65786170959473 10.097812116146088
R_mouth 288.677921295166 -166.83683395385742 12.012722343206406
L_Shoulder 300.9665298461914 -188.09303283691406 -5.778728052973747
R_Shoulder 256.3520812988281 -179.91899013519287 2.7177616953849792
L_Elbow 305.5630111694336 -225.7318925857544 0.3580218879505992
R_Elbow 226.861572265625 -210.3292751312256 3.3143725246191025
L_Wrist 309.6834373474121 -196.08571529388428 20.267346501350403
R_Wrist 249.06578063964844 -238.56748580932617 10.063173621892929
L_pinky 311.88669204711914 -187.45741367340088 24.26392138004303
R_pinky 254.75082397460938 -249.5276927947998 12.342432886362076
L_index 311.95499420166016 -183.3748197555542 24.66682493686676
R_index 259.2299461364746 -244.48742866516113 13.009481132030487
L_thumb 309.64651107788086 -186.32928371429443 21.015897393226624
R_thumb 258.592586517334 -241.47531509399414 10.192974656820297
L_Hip 287.63391494750977 -258.0695629119873 -3.4072499722242355
R_Hip 262.5770568847656 -256.3039970397949 3.404860943555832
nose 295.97143173217773 -161.03370666503906 14.093111455440521
L_eye_inner 297.51068115234375 -156.3297986984253 12.109445035457611
L_eye 298.43358993530273 -156.6152858734131 12.112579494714737
L_eye_outer 299.27745819091797 -156.85193538665771 12.11508959531784
R_eye_inner 293.49334716796875 -155.08001804351807 13.606980443000793
R_eye 291.30666732788086 -154.50546741485596 13.60410749912262
R_eye_outer 289.1512680053711 -153.99425983428955 13.607555627822876
L_ear 297.22606658935547 -158.32829475402832 1.310503762215376
R_ear 282.7061080932617 -155.35408973693848 8.396340161561966
L_mouth 295.7729721069336 -166.08954906463623 9.866682440042496
R_mouth 290.504207611084 -165.40464878082275 11.909737437963486
L_Shoulder 301.34851455688477 -186.78451538085938 -6.424154341220856
R_Shoulder 256.6807174682617 -178.64015579223633 3.5915710031986237
L_Elbow 307.07672119140625 -225.6108283996582 0.26687129866331816
R_Elbow 227.12787628173828 -210.06757736206055 6.132947653532028
L_Wrist 311.15869522094727 -195.58676719665527 21.065349876880646
R_Wrist 249.9245834350586 -238.4877634048462 14.442823827266693
L_pinky 313.096866607666 -185.93949794769287 25.072205066680908
R_pinky 255.71786880493164 -249.35065269470215 16.95445030927658
L_index 313.12774658203125 -181.84711933135986 25.204327702522278
R_index 260.29659271240234 -244.42757606506348 17.322641611099243
L_thumb 310.81701278686523 -184.89446640014648 21.71042710542679
R_thumb 259.66211318969727 -241.46178245544434 14.467814564704895
L_Hip 287.9014015197754 -258.04813385009766 -3.776378557085991
R_Hip 262.8426742553711 -256.27241134643555 3.776325285434723
nose 296.69485092163086 -159.7175931930542 14.404495060443878
L_eye_inner 298.2688903808594 -154.66525554656982 12.425223737955093
L_eye 299.22924041748047 -154.93886947631836 12.428202480077744
L_eye_outer 300.09408950805664 -155.18600463867188 12.430515140295029
R_eye_inner 294.23145294189453 -153.473539352417 14.151743054389954
R_eye 291.9948196411133 -152.94515132904053 14.14879560470581
R_eye_outer 289.7825241088867 -152.4615240097046 14.152760803699493
L_ear 298.1330871582031 -156.67452335357666 1.3430391438305378
R_ear 283.1827163696289 -153.61108303070068 9.462858736515045
L_mouth 296.52624130249023 -164.77166175842285 10.062365233898163
R_mouth 291.2595558166504 -164.04454708099365 12.42632269859314
L_Shoulder 301.5899085998535 -185.3666639328003 -6.575148552656174
R_Shoulder 256.9355773925781 -177.27966785430908 5.033668130636215
L_Elbow 308.3733558654785 -224.89627361297607 -0.09373282082378864
R_Elbow 227.33272552490234 -209.39055919647217 7.494347542524338
L_Wrist 312.0121383666992 -193.5978126525879 21.14703357219696
R_Wrist 250.5502700805664 -238.46364498138428 15.356770157814026
L_pinky 314.45804595947266 -183.30589771270752 25.151345133781433
R_pinky 256.0990905761719 -249.19401168823242 17.861387133598328
L_index 314.5723533630371 -179.24561977386475 25.267380475997925
R_index 260.77051162719727 -244.2798614501953 18.27668845653534
L_thumb 312.16480255126953 -182.52984523773193 21.793632209300995
R_thumb 260.172119140625 -241.30385398864746 15.380330383777618
L_Hip 289.09088134765625 -257.5799560546875 -4.376948997378349
R_Hip 264.3649673461914 -256.2106990814209 4.378797486424446
nose 303.9889907836914 -147.27192878723145 21.22720032930374
L_eye_inner 304.5947265625 -141.8302345275879 19.124481081962585
L_eye 305.3449058532715 -142.0006227493286 19.124074280261993
L_eye_outer 306.1631393432617 -142.20540046691895 19.12444829940796
R_eye_inner 300.90747833251953 -141.08508110046387 20.970256626605988
R_eye 298.78631591796875 -140.78810691833496 20.96976488828659
R_eye_outer 296.3665199279785 -140.51626682281494 20.977620780467987
L_ear 303.6527633666992 -144.36521530151367 6.725329905748367
R_ear 288.64131927490234 -141.94504737854004 15.593627095222473
L_mouth 303.75024795532227 -152.58921146392822 16.399161517620087
R_mouth 298.5214614868164 -152.09628582000732 18.99014264345169
L_Shoulder 310.543270111084 -174.6980094909668 -1.4220225624740124
R_Shoulder 260.4374313354492 -169.0869426727295 9.077926725149155
L_Elbow 320.62122344970703 -218.94842147827148 5.2682094275951385
R_Elbow 230.4114532470703 -204.69298839569092 10.42412668466568
L_Wrist 319.94333267211914 -183.03013801574707 28.17995250225067
R_Wrist 256.72550201416016 -236.27049922943115 17.684659361839294
L_pinky 320.3115463256836 -172.62793064117432 32.78276324272156
R_pinky 263.2828140258789 -247.4857234954834 20.053648948669434
L_index 320.7299041748047 -168.0162763595581 32.82192349433899
R_index 267.800350189209 -242.49884605407715 21.015577018260956
L_thumb 319.05370712280273 -171.15965366363525 28.855758905410767
R_thumb 267.16907501220703 -239.33472633361816 17.909014225006104
L_Hip 306.30273818969727 -254.03380393981934 -3.385932743549347
R_Hip 275.62496185302734 -255.6346607208252 3.3888503909111023
nose 304.4476318359375 -146.85730934143066 21.68366014957428
L_eye_inner 305.1613235473633 -141.51896953582764 19.615107774734497
L_eye 305.91136932373047 -141.66648387908936 19.61447298526764
L_eye_outer 306.7496681213379 -141.82615756988525 19.61473822593689
R_eye_inner 301.4251136779785 -140.6750249862671 21.440251171588898
R_eye 299.2922592163086 -140.28965950012207 21.439556777477264
R_eye_outer 296.8966293334961 -139.98573303222656 21.446259319782257
L_ear 304.23091888427734 -143.80632877349854 7.177993655204773
R_ear 289.2549705505371 -141.41425609588623 15.964028239250183
L_mouth 304.3632125854492 -152.06610202789307 16.834037005901337
R_mouth 299.0591049194336 -151.5979528427124 19.39929872751236
L_Shoulder 311.72603607177734 -173.90945434570312 -1.1624004691839218
R_Shoulder 260.71956634521484 -168.6782741546631 9.617873281240463
L_Elbow 321.1045455932617 -218.85834217071533 5.629897117614746
R_Elbow 230.98508834838867 -204.71367359161377 12.345843017101288
L_Wrist 320.7054901123047 -182.87272453308105 28.316855430603027
R_Wrist 257.08873748779297 -236.22422218322754 21.171800792217255
L_pinky 320.8460998535156 -172.70446300506592 32.88230895996094
R_pinky 263.55701446533203 -247.5537872314453 23.658207058906555
L_index 321.4336395263672 -167.9342794418335 32.86195397377014
R_index 268.1962203979492 -242.5697422027588 24.581143260002136
L_thumb 319.8613929748535 -170.93989849090576 28.96539270877838
R_thumb 267.61693954467773 -239.38649654388428 21.424536406993866
L_Hip 306.9696617126465 -253.99532318115234 -3.4945879131555557
R_Hip 275.982666015625 -255.73259353637695 3.5007555037736893
nose 306.7082214355469 -145.20837306976318 20.999380946159363
L_eye_inner 307.15694427490234 -139.66193675994873 19.06273066997528
L_eye 307.9331970214844 -139.77531909942627 19.061225652694702
L_eye_outer 308.7696838378906 -139.9250364303589 19.06045377254486
R_eye_inner 303.50650787353516 -138.8874864578247 20.747241377830505
R_eye 301.3979721069336 -138.56132984161377 20.746198296546936
R_eye_outer 298.8936996459961 -138.30488204956055 20.752613246440887
L_ear 306.245174407959 -142.17980861663818 7.472492009401321
R_ear 290.90091705322266 -140.04944801330566 15.632066130638123
L_mouth 306.77127838134766 -150.44673442840576 16.507849097251892
R_mouth 301.53533935546875 -150.0321865081787 18.892216682434082
L_Shoulder 314.48049545288086 -171.9018030166626 0.6436406634747982
R_Shoulder 261.962890625 -167.47807502746582 9.048981964588165
L_Elbow 323.9970397949219 -218.76357078552246 7.615666836500168
R_Elbow 232.95337677001953 -204.9073362350464 10.404781252145767
L_Wrist 322.3991394042969 -182.3173713684082 29.329928755760193
R_Wrist 258.3083724975586 -236.43805503845215 17.46269315481186
L_pinky 322.3561477661133 -172.07839965820312 33.79640579223633
R_pinky 264.6638870239258 -248.5129165649414 19.579876959323883
L_index 322.96112060546875 -167.21985340118408 33.622631430625916
R_index 269.4472885131836 -243.07680130004883 20.449665188789368
L_thumb 321.4153289794922 -170.16989707946777 29.868948459625244
R_thumb 268.71450424194336 -239.83690738677979 17.706264555454254
L_Hip 309.2439270019531 -253.5578155517578 -2.8290435671806335
R_Hip 276.9413757324219 -255.96013069152832 2.8372054919600487
nose 307.1747398376465 -144.81564044952393 20.186977088451385
L_eye_inner 307.77563095092773 -139.22234058380127 18.261314928531647
L_eye 308.6054039001465 -139.3382978439331 18.259479105472565
L_eye_outer 309.4789695739746 -139.49357986450195 18.25879067182541
R_eye_inner 303.950252532959 -138.47604274749756 19.892631471157074
R_eye 301.7802047729492 -138.17469120025635 19.891217350959778
R_eye_outer 299.2189598083496 -137.94891357421875 19.896933436393738
L_ear 307.0762634277344 -141.80232524871826 6.8030089139938354
R_ear 291.4021682739258 -139.7806978225708 14.72877562046051
L_mouth 307.2724914550781 -150.05591869354248 15.748251974582672
R_mouth 301.9297409057617 -149.68355655670166 18.061771988868713
L_Shoulder 315.4376792907715 -171.63358211517334 0.0871455471497029
R_Shoulder 262.5046730041504 -166.8529987335205 8.430229127407074
L_Elbow 324.75452423095703 -218.71461868286133 7.164487987756729
R_Elbow 233.5152816772461 -204.95797634124756 10.401372611522675
L_Wrist 322.8010559082031 -182.33367919921875 28.539812564849854
R_Wrist 258.51375579833984 -236.5434694290161 17.41175800561905
L_pinky 322.82264709472656 -172.09211826324463 32.88482129573822
R_pinky 264.85464096069336 -248.6367702484131 19.220195710659027
L_index 323.4267044067383 -167.2516965866089 32.73780941963196
R_index 269.71099853515625 -243.15659523010254 20.253702998161316
L_thumb 321.84329986572266 -170.18673419952393 29.068779945373535
R_thumb 268.92969131469727 -239.91361141204834 17.668701708316803
L_Hip 309.54198837280273 -252.77109146118164 -2.555566653609276
R_Hip 276.9871520996094 -255.58917045593262 2.562219835817814
nose 307.7113723754883 -144.4086742401123 18.988950550556183
L_eye_inner 308.3492660522461 -138.91897201538086 16.923508048057556
L_eye 309.169864654541 -139.05641555786133 16.92008376121521
L_eye_outer 310.0447463989258 -139.23192501068115 16.918691992759705
R_eye_inner 304.55148696899414 -138.1490421295166 18.548056483268738
R_eye 302.37857818603516 -137.84494400024414 18.547429144382477
R_eye_outer 299.8000144958496 -137.61474609375 18.55102777481079
L_ear 307.62081146240234 -141.60418510437012 4.940516874194145
R_ear 291.9966697692871 -139.48801517486572 12.937265634536743
L_mouth 307.7606773376465 -149.71919059753418 14.417895674705505
R_mouth 302.3690414428711 -149.3589162826538 16.74032062292099
L_Shoulder 316.0221862792969 -171.53215885162354 -1.963602751493454
R_Shoulder 263.04540634155273 -166.7547082901001 6.685348600149155
L_Elbow 325.56079864501953 -218.54634761810303 6.891708076000214
R_Elbow 233.865966796875 -205.00340938568115 9.859711676836014
L_Wrist 323.85841369628906 -182.1368408203125 27.55938172340393
R_Wrist 258.6321449279785 -236.5489912033081 18.18861812353134
L_pinky 323.7673568725586 -171.92007064819336 31.983894109725952
R_pinky 264.96227264404297 -248.65545272827148 20.15773355960846
L_index 324.2876434326172 -166.972074508667 31.93621039390564
R_index 269.86454010009766 -243.1794261932373 21.162989735603333
L_thumb 322.73094177246094 -169.92394924163818 28.145915269851685
R_thumb 269.03995513916016 -239.9279022216797 18.438266217708588
L_Hip 310.6044578552246 -252.409086227417 -2.512299083173275
R_Hip 277.498836517334 -255.43456077575684 2.5146106258034706
nose 308.37900161743164 -144.05868530273438 18.684639036655426
L_eye_inner 309.04293060302734 -138.56675148010254 16.574878990650177
L_eye 309.93661880493164 -138.71206283569336 16.572237014770508
L_eye_outer 310.85521697998047 -138.90531063079834 16.57148152589798
R_eye_inner 305.1094055175781 -137.78530597686768 18.144576251506805
R_eye 302.8920364379883 -137.4984884262085 18.14364492893219
R_eye_outer 300.29186248779297 -137.28864669799805 18.14737468957901
L_ear 308.4757614135742 -141.3504695892334 4.4669415801763535
R_ear 292.6493835449219 -139.26681518554688 12.209945917129517
L_mouth 308.60727310180664 -149.39414978027344 14.062443375587463
R_mouth 303.1475257873535 -149.09132480621338 16.308987140655518
L_Shoulder 316.9186782836914 -171.40671730041504 -2.421841025352478
R_Shoulder 263.911190032959 -166.54349327087402 5.896244570612907
L_Elbow 326.1979675292969 -218.38983535766602 6.010790541768074
R_Elbow 234.7349739074707 -204.98245239257812 9.72512662410736
L_Wrist 325.24085998535156 -181.643328666687 27.337276935577393
R_Wrist 258.9634323120117 -236.54595851898193 17.663384974002838
L_pinky 325.0136184692383 -171.6509199142456 31.8109929561615
R_pinky 265.1753616333008 -248.65130424499512 19.656889140605927
L_index 325.37872314453125 -166.77658081054688 31.73758089542389
R_index 270.16101837158203 -243.19272994995117 20.727451145648956
L_thumb 323.8665008544922 -169.70427989959717 27.907949686050415
R_thumb 269.35962677001953 -239.93084907531738 17.951619625091553
L_Hip 311.15428924560547 -252.3904323577881 -2.5262653827667236
R_Hip 277.6889419555664 -255.28298377990723 2.5272514671087265
nose 309.1744613647461 -143.58261108398438 19.949233531951904
L_eye_inner 309.9139404296875 -138.08943271636963 17.87482053041458
L_eye 310.84325790405273 -138.2543420791626 17.87331998348236
L_eye_outer 311.7683982849121 -138.4731101989746 17.87315011024475
R_eye_inner 305.89611053466797 -137.3362112045288 19.47854459285736
R_eye 303.6887741088867 -137.08276748657227 19.477668404579163
R_eye_outer 301.0601806640625 -136.89740180969238 19.48271095752716
L_ear 309.4276809692383 -141.10024452209473 5.723912268877029
R_ear 293.35947036743164 -138.96908283233643 13.47411423921585
L_mouth 309.4768714904785 -149.03809547424316 15.297915041446686
R_mouth 304.0130043029785 -148.7294340133667 17.57187247276306
L_Shoulder 318.0763244628906 -171.13007068634033 -1.3849707320332527
R_Shoulder 264.5777893066406 -166.212158203125 6.8725354969501495
L_Elbow 327.63545989990234 -218.09417724609375 6.607364118099213
R_Elbow 235.61737060546875 -204.97140884399414 9.717128425836563
L_Wrist 326.7243194580078 -181.58065795898438 29.466933012008667
R_Wrist 259.4008445739746 -236.55009269714355 17.604443430900574
L_pinky 326.09230041503906 -171.59680366516113 34.14520025253296
R_pinky 265.55286407470703 -248.67679595947266 19.618068635463715
L_index 326.44336700439453 -166.65857791900635 34.04773473739624
R_index 270.551815032959 -243.25249671936035 20.886877179145813
L_thumb 325.0617980957031 -169.51176166534424 30.054479837417603
R_thumb 269.7757339477539 -239.96734142303467 17.969000339508057
L_Hip 311.80042266845703 -252.39312171936035 -2.591266669332981
R_Hip 277.9258728027344 -255.24653434753418 2.593027427792549
nose 309.8836326599121 -143.53059768676758 20.618534088134766
L_eye_inner 310.71584701538086 -138.03842067718506 18.57108473777771
L_eye 311.6648864746094 -138.2052755355835 18.56982409954071
L_eye_outer 312.6228332519531 -138.4218692779541 18.56955587863922
R_eye_inner 306.5956687927246 -137.25667476654053 20.15550434589386
R_eye 304.35903549194336 -136.9889259338379 20.155227184295654
R_eye_outer 301.69689178466797 -136.7931032180786 20.16017884016037
L_ear 310.3432846069336 -140.9368658065796 6.360792368650436
R_ear 294.0961265563965 -138.8109254837036 14.033588767051697
L_mouth 310.162353515625 -148.99240493774414 15.925917029380798
R_mouth 304.627685546875 -148.66144180297852 18.178293108940125
L_Shoulder 318.9679527282715 -170.8031988143921 -1.1337806470692158
R_Shoulder 265.37708282470703 -166.16071701049805 7.276622951030731
L_Elbow 328.8557815551758 -217.76739120483398 6.536220759153366
R_Elbow 236.52210235595703 -204.98504161834717 9.826254099607468
L_Wrist 327.5694274902344 -181.19038581848145 29.55448627471924
R_Wrist 260.0095558166504 -236.62638187408447 18.116937577724457
L_pinky 327.4473190307617 -170.92607975006104 34.23103392124176
R_pinky 265.99096298217773 -248.7539577484131 20.141465961933136
L_index 327.6340866088867 -165.97333431243896 34.18530523777008
R_index 270.99979400634766 -243.3798122406006 21.45194113254547
L_thumb 326.053466796875 -168.9277696609497 30.16749620437622
R_thumb 270.2267837524414 -240.0834846496582 18.48866641521454
L_Hip 312.6034927368164 -252.37812995910645 -2.6357080787420273
R_Hip 278.4437561035156 -255.19165992736816 2.6379168033599854
nose 312.252140045166 -142.96500205993652 17.549441754817963
L_eye_inner 313.11243057250977 -137.46341228485107 15.35506546497345
L_eye 314.1669273376465 -137.6427984237671 15.354515612125397
L_eye_outer 315.0979232788086 -137.8855276107788 15.354743599891663
R_eye_inner 308.7180519104004 -136.78945541381836 16.867153346538544
R_eye 306.3226890563965 -136.55588150024414 16.867277026176453
R_eye_outer 303.5847854614258 -136.39719486236572 16.871346533298492
L_ear 312.9986000061035 -140.6685733795166 3.1321201473474503
R_ear 296.24013900756836 -138.61023902893066 10.56748479604721
L_mouth 312.814884185791 -148.65604877471924 12.898509204387665
R_mouth 306.90725326538086 -148.4077548980713 15.058934688568115
L_Shoulder 321.37359619140625 -170.87595462799072 -3.7263981997966766
R_Shoulder 267.8708839416504 -166.10662937164307 4.404578357934952
L_Elbow 330.8407211303711 -217.7964448928833 3.5740695893764496
R_Elbow 238.40335845947266 -205.22910118103027 7.210832089185715
L_Wrist 329.60453033447266 -181.05859279632568 25.11795163154602
R_Wrist 261.79189682006836 -237.00028896331787 15.606555342674255
L_pinky 330.02845764160156 -170.24961948394775 29.47022318840027
R_pinky 267.47949600219727 -248.84164810180664 17.513146996498108
L_index 330.1622772216797 -165.39695262908936 29.48000133037567
R_index 272.4892044067383 -243.51422309875488 18.628717958927155
L_thumb 328.4540557861328 -168.46937656402588 25.701257586479187
R_thumb 271.7660140991211 -240.2640151977539 15.904320776462555
L_Hip 314.12891387939453 -252.6232624053955 -2.614741586148739
R_Hip 279.33910369873047 -255.28553009033203 2.6160964742302895
nose 313.109073638916 -143.01637172698975 16.518105566501617
L_eye_inner 314.0610885620117 -137.503023147583 14.395411312580109
L_eye 315.16658782958984 -137.67863273620605 14.394566416740417
L_eye_outer 316.17279052734375 -137.91605472564697 14.395006000995636
R_eye_inner 309.57950592041016 -136.80823802947998 15.796104073524475
R_eye 307.11490631103516 -136.5624189376831 15.795892477035522
R_eye_outer 304.3886184692383 -136.39153003692627 15.800189971923828
L_ear 314.27921295166016 -140.66328048706055 2.4014344438910484
R_ear 297.3417282104492 -138.60893726348877 9.245982766151428
L_mouth 313.84456634521484 -148.72179508209229 11.93276047706604
R_mouth 307.7548599243164 -148.4657621383667 13.93013596534729
L_Shoulder 324.02671813964844 -170.90123176574707 -4.352157562971115
R_Shoulder 269.30715560913086 -166.1747932434082 2.9855187982320786
L_Elbow 332.1176528930664 -217.87931442260742 3.0375298112630844
R_Elbow 239.27213668823242 -205.2339506149292 5.450034886598587
L_Wrist 331.08665466308594 -181.0802936553955 24.759551882743835
R_Wrist 262.5679588317871 -237.05045700073242 13.590393960475922
L_pinky 331.4176940917969 -170.34460544586182 29.162177443504333
R_pinky 268.26892852783203 -248.85443687438965 15.514880418777466
L_index 331.73702239990234 -165.4715394973755 29.13927137851715
R_index 273.2136535644531 -243.52749824523926 16.568614542484283
L_thumb 330.08190155029297 -168.55361938476562 25.34371018409729
R_thumb 272.4885940551758 -240.27992248535156 13.863120973110199
L_Hip 315.64945220947266 -253.0111026763916 -2.3271936923265457
R_Hip 280.15939712524414 -255.35860061645508 2.3275120183825493
nose 316.20569229125977 -142.98590183258057 15.90963751077652
L_eye_inner 317.4147415161133 -137.3855495452881 13.764795660972595
L_eye 318.52590560913086 -137.5857639312744 13.764593005180359
L_eye_outer 319.57733154296875 -137.8357458114624 13.76582384109497
R_eye_inner 312.88028717041016 -136.62991046905518 15.167871117591858
R_eye 310.36365509033203 -136.360445022583 15.167248249053955
R_eye_outer 307.56763458251953 -136.134295463562 15.172064304351807
L_ear 317.7573013305664 -140.597562789917 1.5748457983136177
R_ear 300.5204772949219 -138.2810354232788 8.314257115125656
L_mouth 316.7716598510742 -148.74635696411133 11.253013461828232
R_mouth 310.45480728149414 -148.45178604125977 13.234926760196686
L_Shoulder 327.17041015625 -170.99560260772705 -4.848437011241913
R_Shoulder 272.00098037719727 -166.0515260696411 1.4830653555691242
L_Elbow 334.48143005371094 -218.14311504364014 3.077901527285576
R_Elbow 242.11442947387695 -205.2651071548462 4.017943516373634
L_Wrist 334.4968032836914 -181.38786792755127 26.862096786499023
R_Wrist 264.1835403442383 -237.40197658538818 13.602940738201141
L_pinky 335.3611373901367 -170.43960571289062 31.928899884223938
R_pinky 269.7648239135742 -249.10863876342773 15.775047242641449
L_index 335.6418228149414 -165.5288028717041 32.01375901699066
R_index 274.6803665161133 -243.65638732910156 16.859568655490875
L_thumb 333.7911605834961 -168.67010593414307 27.591577172279358
R_thumb 273.98595809936523 -240.44116973876953 13.949355483055115
L_Hip 318.20674896240234 -254.80344772338867 -1.5797708183526993
R_Hip 281.5501403808594 -255.73625564575195 1.5806954354047775
nose 318.11410903930664 -142.75378704071045 13.063269853591919
L_eye_inner 319.3918800354004 -137.03802108764648 10.864359140396118
L_eye 320.5036926269531 -137.2679042816162 10.864482074975967
L_eye_outer 321.5091323852539 -137.54133224487305 10.86663231253624
R_eye_inner 314.7660446166992 -136.32216453552246 12.365420162677765
R_eye 312.26964950561523 -136.0790777206421 12.364695221185684
R_eye_outer 309.46081161499023 -135.87960720062256 12.369947135448456
L_ear 319.71548080444336 -140.4430389404297 -1.2856933288276196
R_ear 302.3159408569336 -138.07734489440918 5.9370774775743484
L_mouth 318.642578125 -148.7249994277954 8.418647944927216
R_mouth 312.3561096191406 -148.37918758392334 10.525307804346085
L_Shoulder 328.75598907470703 -171.02718830108643 -7.676717638969421
R_Shoulder 273.7312698364258 -166.00898265838623 -0.030223155044950545
L_Elbow 336.5351867675781 -218.39773178100586 0.5567575804889202
R_Elbow 243.71923446655273 -205.27062892913818 3.0248358845710754
L_Wrist 337.2385787963867 -181.24168395996094 24.143096804618835
R_Wrist 265.20687103271484 -237.53919124603271 12.80035674571991
L_pinky 338.2843780517578 -170.06579875946045 29.064568877220154
R_pinky 270.6464195251465 -249.20648574829102 15.119253098964691
L_index 338.21781158447266 -165.23358821868896 28.958547115325928
R_index 275.5674171447754 -243.73964309692383 16.342253983020782
L_thumb 336.36348724365234 -168.43680381774902 24.79909211397171
R_thumb 274.9395179748535 -240.5273723602295 13.199248909950256
L_Hip 320.11180877685547 -255.562162399292 -1.7166106030344963
R_Hip 282.9275894165039 -255.78125953674316 1.7169281840324402
nose 342.9224395751953 -128.18315505981445 12.605424225330353
L_eye_inner 346.9882583618164 -122.62836456298828 10.394127666950226
L_eye 348.7138366699219 -123.1221342086792 10.394297540187836
L_eye_outer 350.4891586303711 -123.69202136993408 10.397837311029434
R_eye_inner 340.70831298828125 -121.22446060180664 11.324502527713776
R_eye 337.9828643798828 -120.63880920410156 11.323027312755585
R_eye_outer 335.2943801879883 -120.00011444091797 11.32618561387062
L_ear 350.69164276123047 -127.08353519439697 -1.89457219094038
R_ear 329.3203353881836 -121.37819766998291 2.5017431005835533
L_mouth 344.08348083496094 -136.13440990447998 8.029501885175705
R_mouth 336.2657165527344 -134.49110984802246 9.354676306247711
L_Shoulder 357.99659729003906 -164.610915184021 -7.809486985206604
R_Shoulder 299.1432762145996 -154.90402221679688 -5.065783858299255
L_Elbow 366.32835388183594 -216.4776849746704 1.2567220255732536
R_Elbow 266.7243003845215 -197.76273250579834 -4.505226761102676
L_Wrist 365.4500198364258 -171.04681491851807 22.98841029405594
R_Wrist 285.9872055053711 -232.55938053131104 5.550787597894669
L_pinky 367.37762451171875 -157.79282569885254 27.930551767349243
R_pinky 291.4073181152344 -244.55592155456543 8.042354881763458
L_index 367.49168395996094 -152.62762069702148 27.74692475795746
R_index 297.25027084350586 -239.51823234558105 9.883636981248856
L_thumb 365.23426055908203 -157.6981258392334 23.572537302970886
R_thumb 296.82559967041016 -236.1152458190918 6.284669786691666
L_Hip 343.9146041870117 -255.49029350280762 -0.5989460740238428
R_Hip 304.820613861084 -252.55983352661133 0.5968569777905941
nose 344.20692443847656 -127.23594188690186 14.042548835277557
L_eye_inner 348.27220916748047 -121.41730785369873 11.619123071432114
L_eye 349.9958801269531 -121.85365676879883 11.620297282934189
L_eye_outer 351.7686080932617 -122.37978458404541 11.623767763376236
R_eye_inner 341.98890686035156 -120.15634059906006 12.508468329906464
R_eye 339.33326721191406 -119.64704275131226 12.507177889347076
R_eye_outer 336.64134979248047 -119.15343046188354 12.508122622966766
L_ear 351.87889099121094 -125.4567289352417 -1.6629939898848534
R_ear 330.60558319091797 -120.19925594329834 3.341655805706978
L_mouth 345.1396942138672 -135.15076160430908 8.961662650108337
R_mouth 337.83729553222656 -133.4548044204712 10.235998779535294
L_Shoulder 359.2267608642578 -163.29214096069336 -7.933073490858078
R_Shoulder 300.23487091064453 -154.2782163619995 -3.889811411499977
L_Elbow 368.0735397338867 -215.5206298828125 1.005481742322445
R_Elbow 267.5589942932129 -197.35944271087646 -3.222290799021721
L_Wrist 366.69517517089844 -171.04182243347168 23.53746145963669
R_Wrist 287.16787338256836 -231.93999767303467 7.137473672628403
L_pinky 367.7477264404297 -157.52388954162598 29.37789559364319
R_pinky 292.7415084838867 -243.79091262817383 9.722808748483658
L_index 367.9728698730469 -152.19334602355957 29.319754242897034
R_index 298.5268783569336 -238.57056140899658 11.357589811086655
L_thumb 365.8158874511719 -157.32871055603027 24.295048415660858
R_thumb 298.02181243896484 -235.1571750640869 7.789663225412369
L_Hip 346.0760498046875 -255.1310920715332 -0.9136172011494637
R_Hip 307.2922706604004 -252.4068260192871 0.9107226505875587
nose 345.81565856933594 -124.36709403991699 13.675044476985931
L_eye_inner 349.74781036376953 -118.38845729827881 10.95709577202797
L_eye 351.8004608154297 -118.89427900314331 10.961101949214935
L_eye_outer 353.65604400634766 -119.37689065933228 10.965987294912338
R_eye_inner 343.1476593017578 -116.92441463470459 11.865313351154327
R_eye 340.5461120605469 -116.36283874511719 11.864405870437622
R_eye_outer 337.74234771728516 -115.85816144943237 11.865083128213882
L_ear 353.7644958496094 -122.95125961303711 -3.250589221715927
R_ear 331.11167907714844 -117.95925378799438 1.4969726093113422
L_mouth 347.47474670410156 -132.4981927871704 8.202840387821198
R_mouth 339.4251251220703 -130.60712814331055 9.52550545334816
L_Shoulder 361.42913818359375 -161.95077896118164 -10.335562378168106
R_Shoulder 302.3163414001465 -152.50605583190918 -5.27324378490448
L_Elbow 371.0906219482422 -213.7403154373169 -0.656572263687849
R_Elbow 268.78360748291016 -196.7019510269165 -4.830937832593918
L_Wrist 369.87422943115234 -167.9921579360962 23.08165729045868
R_Wrist 287.8084182739258 -230.30151844024658 4.520810022950172
L_pinky 370.9629821777344 -154.33234691619873 29.28805947303772
R_pinky 293.0662536621094 -242.25605964660645 7.262334227561951
L_index 370.85350036621094 -148.83792400360107 28.79389226436615
R_index 299.7015953063965 -236.91893577575684 9.033164381980896
L_thumb 368.82789611816406 -154.3001890182495 23.62733781337738
R_thumb 299.13366317749023 -233.43478202819824 5.199659615755081
L_Hip 346.6580581665039 -254.03420448303223 -2.805875614285469
R_Hip 308.36437225341797 -251.66613578796387 2.8004277497529984
nose 345.05123138427734 -123.27159404754639 16.76236391067505
L_eye_inner 349.2967224121094 -117.10048198699951 14.138177037239075
L_eye 351.44954681396484 -117.66470432281494 14.141583442687988
L_eye_outer 353.5285186767578 -118.2207441329956 14.146195352077484
R_eye_inner 342.5560760498047 -115.62153339385986 14.84241783618927
R_eye 339.87125396728516 -115.07442712783813 14.841040968894958
R_eye_outer 336.88331604003906 -114.57050085067749 14.841869473457336
L_ear 354.3976593017578 -122.18207359313965 -0.5547892767935991
R_ear 330.7060241699219 -117.36727952957153 2.7714649215340614
L_mouth 346.7153549194336 -131.68371677398682 11.265011131763458
R_mouth 338.6498260498047 -129.81200695037842 12.310732901096344
L_Shoulder 362.59876251220703 -161.72949314117432 -9.82484221458435
R_Shoulder 302.7757263183594 -151.89655780792236 -4.658300802111626
L_Elbow 372.17777252197266 -213.481707572937 0.6425580941140652
R_Elbow 268.91077041625977 -196.301007270813 -5.283010005950928
L_Wrist 370.84999084472656 -168.06050777435303 26.61920189857483
R_Wrist 288.0108642578125 -229.79491710662842 4.195839911699295
L_pinky 371.78279876708984 -154.30546760559082 32.730233669281006
R_pinky 293.3403968811035 -241.90569877624512 7.082449644804001
L_index 371.6829299926758 -148.81951332092285 32.20117688179016
R_index 300.1041030883789 -236.37549877166748 9.061004966497421
L_thumb 369.6662139892578 -154.09523963928223 27.149850130081177
R_thumb 299.48217391967773 -232.82365322113037 4.943084344267845
L_Hip 346.9190216064453 -252.98343658447266 -2.7569618076086044
R_Hip 308.5172462463379 -251.00878715515137 2.7529746294021606
nose 345.1642608642578 -122.39212989807129 16.76846742630005
L_eye_inner 349.4817352294922 -115.9050965309143 14.133553206920624
L_eye 351.6522979736328 -116.46969079971313 14.137288928031921
L_eye_outer 353.76495361328125 -117.11062431335449 14.142301678657532
R_eye_inner 342.82325744628906 -114.53169107437134 14.874699711799622
R_eye 340.1060104370117 -114.06924247741699 14.87351655960083
R_eye_outer 337.0818328857422 -113.60478401184082 14.874845743179321
L_ear 354.658203125 -121.16148948669434 -0.49956333823502064
R_ear 330.8830261230469 -116.52156114578247 2.8229430317878723
L_mouth 346.8162155151367 -130.951509475708 11.297658830881119
R_mouth 338.7615203857422 -129.08486366271973 12.402456998825073
L_Shoulder 363.3745574951172 -161.5257740020752 -9.497379511594772
R_Shoulder 302.98946380615234 -150.95021724700928 -4.335777088999748
L_Elbow 373.2284164428711 -213.4636402130127 0.6368281785398722
R_Elbow 268.77166748046875 -195.47773361206055 -5.6732505559921265
L_Wrist 371.0784912109375 -167.6953411102295 25.995120406150818
R_Wrist 287.9269790649414 -229.2110252380371 3.192426636815071
L_pinky 372.52174377441406 -153.25773239135742 31.89069926738739
R_pinky 293.24392318725586 -241.3681411743164 6.011449173092842
L_index 372.05448150634766 -148.11049461364746 31.415897607803345
R_index 300.07726669311523 -235.73959350585938 8.170869946479797
L_thumb 369.6044158935547 -153.4458589553833 26.53656005859375
R_thumb 299.4070816040039 -232.2019386291504 3.9910856634378433
L_Hip 346.92596435546875 -252.3318386077881 -2.8973236680030823
R_Hip 308.38512420654297 -250.30531883239746 2.8928086161613464
nose 344.4508361816406 -119.8328948020935 16.762442886829376
L_eye_inner 348.8930892944336 -112.96873569488525 14.05826061964035
L_eye 351.02630615234375 -113.55942249298096 14.061520993709564
L_eye_outer 353.29925537109375 -114.33227062225342 14.066961407661438
R_eye_inner 342.24365234375 -111.51036500930786 14.89374041557312
R_eye 339.43485260009766 -111.0576868057251 14.892522990703583
R_eye_outer 336.6503143310547 -110.62650918960571 14.893412590026855
L_ear 354.4093322753906 -118.4149432182312 -0.7559829391539097
R_ear 330.3510284423828 -113.32944631576538 3.291701525449753
L_mouth 346.044921875 -128.3509397506714 11.151943355798721
R_mouth 337.91015625 -126.30068778991699 12.396258115768433
L_Shoulder 364.31529998779297 -158.7079095840454 -9.946221858263016
R_Shoulder 302.0726013183594 -148.26969623565674 -4.169859737157822
L_Elbow 373.9795684814453 -212.3297882080078 -0.6496163550764322
R_Elbow 267.8285789489746 -193.97453784942627 -6.384219229221344
L_Wrist 372.94788360595703 -166.42633438110352 24.99701976776123
R_Wrist 287.81768798828125 -228.31041812896729 2.0782658830285072
L_pinky 373.91639709472656 -151.72106266021729 31.162244081497192
R_pinky 293.36761474609375 -240.9096336364746 4.844755679368973
L_index 373.4384536743164 -146.74697399139404 30.620375275611877
R_index 300.34210205078125 -235.51451683044434 7.0217810571193695
L_thumb 371.24488830566406 -151.7089033126831 25.548726320266724
R_thumb 299.5309066772461 -231.74161434173584 2.8502747416496277
L_Hip 347.8997039794922 -252.35913276672363 -3.2032527029514313
R_Hip 308.9141845703125 -250.5080223083496 3.2006535679101944
nose 344.4135284423828 -117.8854751586914 17.57635772228241
L_eye_inner 348.8252639770508 -111.11010789871216 14.63387906551361
L_eye 350.86231231689453 -111.63938999176025 14.63918387889862
L_eye_outer 353.11954498291016 -112.40884065628052 14.649638533592224
R_eye_inner 342.19051361083984 -109.66255903244019 15.565748512744904
R_eye 339.3303680419922 -109.09197807312012 15.564867854118347
R_eye_outer 336.56394958496094 -108.66462707519531 15.564711391925812
L_ear 354.35272216796875 -116.61118984222412 -0.9020358324050903
R_ear 330.1954650878906 -111.30160331726074 3.7234388291835785
L_mouth 346.1951446533203 -126.68017387390137 11.566640436649323
R_mouth 337.84637451171875 -124.59732055664062 12.93463259935379
L_Shoulder 364.1443634033203 -157.11527824401855 -10.334829986095428
R_Shoulder 301.8940734863281 -147.1990442276001 -3.901977837085724
L_Elbow 373.42926025390625 -211.42321586608887 -1.3856573030352592
R_Elbow 267.0050048828125 -192.9660987854004 -6.480347365140915
L_Wrist 372.53238677978516 -165.3890562057495 23.632462322711945
R_Wrist 287.6234436035156 -227.7808141708374 1.4326350763440132
L_pinky 373.57295989990234 -150.52907466888428 29.565075039863586
R_pinky 293.1320571899414 -240.77499389648438 3.9984729140996933
L_index 373.24100494384766 -145.491042137146 28.944721817970276
R_index 300.11993408203125 -235.44080257415771 6.146091967821121
L_thumb 370.9611511230469 -150.47770500183105 24.124081432819366
R_thumb 299.30328369140625 -231.61424160003662 2.156457304954529
L_Hip 347.95066833496094 -250.96967697143555 -3.291512280702591
R_Hip 308.7245750427246 -250.08235931396484 3.28853502869606
nose 344.2914581298828 -116.67950391769409 19.502821564674377
L_eye_inner 348.69152069091797 -109.66667890548706 16.768793761730194
L_eye 350.6999206542969 -110.15354633331299 16.771933436393738
L_eye_outer 352.93270111083984 -110.84311723709106 16.778090596199036
R_eye_inner 342.0513153076172 -108.26939105987549 17.763550579547882
R_eye 339.2029571533203 -107.67814636230469 17.76229292154312
R_eye_outer 336.4563751220703 -107.26011514663696 17.763441801071167
L_ear 354.12574768066406 -115.02520322799683 1.4824353158473969
R_ear 329.95845794677734 -109.75409746170044 6.513223052024841
L_mouth 346.1082458496094 -125.64139366149902 13.73511254787445
R_mouth 337.7262878417969 -123.63221168518066 15.190598368644714
L_Shoulder 363.7173080444336 -156.0913896560669 -7.959868758916855
R_Shoulder 300.9710121154785 -146.36823177337646 -1.7800161615014076
L_Elbow 373.30333709716797 -210.86101055145264 0.8540512062609196
R_Elbow 264.1900062561035 -192.3792600631714 -4.817249625921249
L_Wrist 372.1086883544922 -165.60653686523438 27.08553373813629
R_Wrist 287.30236053466797 -227.56250381469727 3.284495696425438
L_pinky 373.1758499145508 -150.18706798553467 33.1640362739563
R_pinky 292.76363372802734 -240.80409049987793 5.749442428350449
L_index 372.86163330078125 -144.77906227111816 32.515040040016174
R_index 299.958553314209 -235.36677360534668 7.982660084962845
L_thumb 370.5266571044922 -150.20655155181885 27.553430199623108
R_thumb 299.16839599609375 -231.46792888641357 3.9992447942495346
L_Hip 347.76275634765625 -250.84914207458496 -3.276251256465912
R_Hip 308.61236572265625 -250.10052680969238 3.273279219865799
nose 340.6260299682617 -109.14283275604248 18.009303510189056
L_eye_inner 344.2829132080078 -102.34783887863159 15.337155759334564
L_eye 346.4122772216797 -102.75936841964722 15.342104434967041
L_eye_outer 348.6363220214844 -103.23740243911743 15.351085364818573
R_eye_inner 337.1072006225586 -101.432204246521 16.404742002487183
R_eye 333.78761291503906 -101.2840747833252 16.40315055847168
R_eye_outer 330.42579650878906 -101.2762999534607 16.40392690896988
L_ear 349.8450469970703 -106.9638991355896 0.7780530955642462
R_ear 323.97377014160156 -104.52871799468994 6.3022181391716
L_mouth 343.3530807495117 -117.80147552490234 12.496595084667206
R_mouth 333.4883117675781 -116.03991508483887 14.046075940132141
L_Shoulder 359.9149703979492 -151.31405353546143 -7.963628321886063
R_Shoulder 294.00562286376953 -142.25506782531738 -1.4792519621551037
L_Elbow 369.6977233886719 -208.70460033416748 0.25813605170696974
R_Elbow 256.261043548584 -190.42778491973877 -3.9505131542682648
L_Wrist 366.10313415527344 -162.36050605773926 24.266736209392548
R_Wrist 284.5436668395996 -227.24637508392334 3.6458365619182587
L_pinky 367.63763427734375 -146.07941150665283 30.134284496307373
R_pinky 290.3287696838379 -240.6932830810547 6.157510355114937
L_index 368.31764221191406 -140.28322219848633 29.506441950798035
R_index 297.9484558105469 -235.04653930664062 8.345115184783936
L_thumb 365.56236267089844 -146.40704154968262 24.719151854515076
R_thumb 297.13634490966797 -230.95672130584717 4.367066919803619
L_Hip 345.5628967285156 -250.7889175415039 -3.205983340740204
R_Hip 303.5306930541992 -249.9898910522461 3.2004836946725845
nose 338.62525939941406 -107.34357118606567 18.373283743858337
L_eye_inner 342.0757293701172 -100.38416862487793 15.746085345745087
L_eye 344.2294692993164 -100.7774305343628 15.751196444034576
L_eye_outer 346.3358688354492 -101.2608790397644 15.759435296058655
R_eye_inner 335.08533477783203 -99.40768003463745 16.895122826099396
R_eye 331.72752380371094 -99.23338651657104 16.893818974494934
R_eye_outer 328.25801849365234 -99.18198108673096 16.89635068178177
L_ear 347.14611053466797 -104.76319313049316 1.1331072077155113
R_ear 321.3491439819336 -102.3306941986084 6.9104209542274475
L_mouth 341.10862731933594 -115.89775085449219 12.825235724449158
R_mouth 331.2795639038086 -114.21638488769531 14.475437998771667
L_Shoulder 357.3314666748047 -148.71477127075195 -7.3324814438819885
R_Shoulder 290.6343460083008 -140.49160480499268 -0.8517207577824593
L_Elbow 367.74635314941406 -207.5073766708374 1.0044192895293236
R_Elbow 252.8573226928711 -189.79037761688232 -3.6572661250829697
L_Wrist 365.27259826660156 -161.18363857269287 25.400421023368835
R_Wrist 283.0011558532715 -227.08232402801514 3.800271451473236
L_pinky 366.6694641113281 -144.82426643371582 31.331926584243774
R_pinky 289.6085739135742 -240.69113731384277 6.262494623661041
L_index 367.03941345214844 -138.6998176574707 30.81195056438446
R_index 297.07122802734375 -234.96508598327637 8.388804644346237
L_thumb 364.4440460205078 -144.64184761047363 25.898656249046326
R_thumb 295.99788665771484 -230.76544761657715 4.48172390460968
L_Hip 344.51786041259766 -250.78542709350586 -2.995733916759491
R_Hip 302.017765045166 -250.59674263000488 2.9865046963095665
nose 338.231201171875 -107.18132972717285 19.703519344329834
L_eye_inner 341.6886901855469 -100.08292436599731 17.010924220085144
L_eye 343.8573455810547 -100.48489093780518 17.016007006168365
L_eye_outer 345.85384368896484 -100.97177267074585 17.023727297782898
R_eye_inner 334.7547912597656 -99.07437801361084 18.36564838886261
R_eye 331.3799285888672 -98.86258363723755 18.364128470420837
R_eye_outer 327.8730010986328 -98.81199359893799 18.367214500904083
L_ear 346.5196228027344 -104.49819087982178 1.8979143351316452
R_ear 320.677490234375 -101.96893215179443 8.528705686330795
L_mouth 340.62660217285156 -115.77851057052612 13.959252834320068
R_mouth 330.8740997314453 -114.07120943069458 15.882700681686401
L_Shoulder 356.03240966796875 -148.48321437835693 -7.256168872117996
R_Shoulder 289.66054916381836 -140.20651817321777 0.6129377521574497
L_Elbow 367.0734405517578 -207.06045627593994 0.8949345909059048
R_Elbow 251.94339752197266 -189.81418132781982 -2.2211600095033646
L_Wrist 364.85260009765625 -161.0614013671875 26.20125710964203
R_Wrist 282.5130271911621 -227.03621864318848 5.380957201123238
L_pinky 366.5045928955078 -144.6080732345581 32.28155970573425
R_pinky 289.2408752441406 -240.67102432250977 7.971656322479248
L_index 366.68399810791016 -138.62176895141602 31.848353147506714
R_index 296.6168785095215 -234.93411540985107 10.185343027114868
L_thumb 363.9726257324219 -144.5752716064453 26.78183913230896
R_thumb 295.5196189880371 -230.71259021759033 6.086071208119392
L_Hip 344.2525100708008 -250.73452949523926 -3.348745033144951
R_Hip 301.8722915649414 -250.70483207702637 3.3421993255615234
nose 338.0588150024414 -107.07254648208618 19.699671864509583
L_eye_inner 341.50482177734375 -99.8525619506836 17.062273621559143
L_eye 343.6287307739258 -100.2162766456604 17.067129909992218
L_eye_outer 345.45528411865234 -100.65713167190552 17.074456810951233
R_eye_inner 334.61830139160156 -98.88351917266846 18.480975925922394
R_eye 331.25709533691406 -98.64460229873657 18.480047583580017
R_eye_outer 327.7427291870117 -98.58323335647583 18.483997881412506
L_ear 345.8479690551758 -104.08993721008301 2.134227752685547
R_ear 320.11280059814453 -101.7251443862915 9.145411849021912
L_mouth 340.3501892089844 -115.7081151008606 14.014674723148346
R_mouth 330.8480453491211 -114.02892351150513 16.02906584739685
L_Shoulder 354.9623489379883 -147.83413410186768 -7.222487777471542
R_Shoulder 288.8812255859375 -140.01773357391357 1.4928221702575684
L_Elbow 366.57711029052734 -206.82317733764648 0.759758660569787
R_Elbow 251.51277542114258 -189.75910663604736 -1.0190760716795921
L_Wrist 364.49798583984375 -161.15334033966064 26.048973202705383
R_Wrist 281.94162368774414 -227.03328609466553 6.2330543994903564
L_pinky 366.2964630126953 -144.70271587371826 32.10550248622894
R_pinky 288.66662979125977 -240.67262649536133 8.824985474348068
L_index 366.20445251464844 -138.79271507263184 31.59983456134796
R_index 295.949764251709 -234.93521690368652 10.925193876028061
L_thumb 363.2355499267578 -144.74042415618896 26.59667730331421
R_thumb 294.8454284667969 -230.71191787719727 6.888003647327423
L_Hip 344.04930114746094 -250.65736770629883 -3.5817470401525497
R_Hip 301.9117736816406 -250.74451446533203 3.5754211246967316
nose 337.9804992675781 -106.36191844940186 21.21526002883911
L_eye_inner 341.4802932739258 -99.01318073272705 18.616166710853577
L_eye 343.468017578125 -99.31640625 18.621942400932312
L_eye_outer 345.185546875 -99.70703601837158 18.63013207912445
R_eye_inner 334.52110290527344 -98.24516773223877 20.173732936382294
R_eye 331.1459732055664 -98.01604270935059 20.17400562763214
R_eye_outer 327.559814453125 -97.91869640350342 20.180992782115936
L_ear 345.2741241455078 -103.03340435028076 3.657197579741478
R_ear 318.93768310546875 -100.93117475509644 11.244889348745346
L_mouth 340.2631378173828 -114.97446298599243 15.477320551872253
R_mouth 330.8671188354492 -113.52644920349121 17.683978378772736
L_Shoulder 354.2899703979492 -146.49418830871582 -5.770961567759514
R_Shoulder 287.6544761657715 -139.05953407287598 3.200029209256172
L_Elbow 365.67630767822266 -206.61300659179688 2.053092233836651
R_Elbow 250.49219131469727 -189.61774349212646 0.5533453542739153
L_Wrist 363.9278793334961 -160.71797847747803 28.23132872581482
R_Wrist 281.32726669311523 -227.1943759918213 7.754023373126984
L_pinky 365.5354690551758 -144.28261756896973 34.199005365371704
R_pinky 288.14849853515625 -241.09943389892578 10.276434570550919
L_index 365.1966094970703 -138.41796398162842 33.88698995113373
R_index 295.50785064697266 -235.26992797851562 12.409881502389908
L_thumb 362.19852447509766 -144.32312965393066 28.87517809867859
R_thumb 294.3449020385742 -230.9326457977295 8.40328261256218
L_Hip 343.90506744384766 -250.57771682739258 -3.500961512327194
R_Hip 301.3370132446289 -251.22004508972168 3.4942105412483215
nose 338.0939483642578 -106.27133846282959 21.56984806060791
L_eye_inner 341.5271759033203 -98.96976470947266 18.999870121479034
L_eye 343.5405731201172 -99.29405450820923 19.005781412124634
L_eye_outer 345.28541564941406 -99.68396186828613 19.014441967010498
R_eye_inner 334.5359420776367 -98.16838502883911 20.62484323978424
R_eye 331.22215270996094 -97.90513515472412 20.624537765979767
R_eye_outer 327.67093658447266 -97.76047468185425 20.631369948387146
L_ear 345.17005920410156 -103.01825523376465 4.113101586699486
R_ear 318.71456146240234 -100.5970287322998 12.079653888940811
L_mouth 340.27915954589844 -115.04088878631592 15.844810009002686
R_mouth 330.95237731933594 -113.49338293075562 18.16050112247467
L_Shoulder 353.6660385131836 -146.15376949310303 -4.955742508172989
R_Shoulder 286.9582176208496 -138.54955673217773 3.857186436653137
L_Elbow 365.0786590576172 -206.532883644104 2.8751131147146225
R_Elbow 250.03673553466797 -189.53086853027344 3.2578103244304657
L_Wrist 363.90968322753906 -160.3715944290161 28.97293269634247
R_Wrist 281.1118507385254 -227.26083755493164 12.575879693031311
L_pinky 365.5232238769531 -143.86871337890625 34.990814328193665
R_pinky 287.96361923217773 -241.3260269165039 15.343746542930603
L_index 364.99515533447266 -138.1266975402832 34.621089696884155
R_index 295.48776626586914 -235.37980556488037 17.295202612876892
L_thumb 362.03208923339844 -143.94558906555176 29.591450095176697
R_thumb 294.3387985229492 -231.00577354431152 13.2089301943779
L_Hip 343.8678741455078 -250.43861389160156 -3.3911243081092834
R_Hip 300.94234466552734 -251.288423538208 3.3820562064647675
nose 341.24114990234375 -106.45192623138428 20.187482237815857
L_eye_inner 342.70442962646484 -98.87562990188599 17.530667781829834
L_eye 344.16271209716797 -99.13390874862671 17.53591299057007
L_eye_outer 345.4467010498047 -99.4521689414978 17.543914914131165
R_eye_inner 336.7094039916992 -98.05866479873657 19.782009720802307
R_eye 333.54835510253906 -97.74654865264893 19.782528281211853
R_eye_outer 329.6221160888672 -97.47640371322632 19.789430499076843
L_ear 343.5813522338867 -102.77974605560303 2.551356516778469
R_ear 318.8616371154785 -99.76199626922607 14.156365394592285
L_mouth 341.97383880615234 -115.17680168151855 14.253342151641846
R_mouth 334.6372985839844 -113.56457233428955 17.44966208934784
L_Shoulder 352.1104431152344 -146.08494758605957 -9.042636305093765
R_Shoulder 285.4818344116211 -138.1972360610962 8.332350105047226
L_Elbow 363.4918212890625 -206.59958839416504 -3.521415963768959
R_Elbow 247.8165626525879 -189.52019691467285 8.337169140577316
L_Wrist 364.20055389404297 -164.17101860046387 22.667181491851807
R_Wrist 281.22135162353516 -227.59760856628418 14.896698296070099
L_pinky 364.8540496826172 -150.20997047424316 28.161820769309998
R_pinky 288.91820907592773 -241.997652053833 17.550209164619446
L_index 364.7636413574219 -144.04681205749512 28.031402826309204
R_index 296.70482635498047 -235.74100971221924 19.136454164981842
L_thumb 362.1479797363281 -147.54652976989746 23.446734249591827
R_thumb 295.3273391723633 -231.30470752716064 15.253622829914093
L_Hip 344.08912658691406 -251.73977851867676 -5.487149953842163
R_Hip 301.0378074645996 -254.36519622802734 5.488165467977524
nose 341.8273162841797 -106.45651817321777 20.144841074943542
L_eye_inner 343.05328369140625 -98.7526273727417 17.47051179409027
L_eye 344.3434524536133 -99.01672840118408 17.475761473178864
L_eye_outer 345.4671859741211 -99.33144092559814 17.483997344970703
R_eye_inner 337.2044372558594 -97.87827014923096 19.678184390068054
R_eye 334.07798767089844 -97.5309419631958 19.678577780723572
R_eye_outer 330.1675796508789 -97.20055818557739 19.685909152030945
L_ear 343.0475616455078 -102.65480518341064 2.47506070882082
R_ear 318.9742088317871 -99.13119792938232 14.375065267086029
L_mouth 342.16163635253906 -115.17404079437256 14.239868521690369
R_mouth 335.0397491455078 -113.57221126556396 17.41795837879181
L_Shoulder 352.0454788208008 -145.885648727417 -8.68762657046318
R_Shoulder 285.28589248657227 -138.0384922027588 8.14746767282486
L_Elbow 363.4033966064453 -206.88260078430176 -2.5557834655046463
R_Elbow 247.4856185913086 -189.55105304718018 7.392523437738419
L_Wrist 364.7780227661133 -165.4276943206787 23.727163672447205
R_Wrist 281.4206314086914 -227.63192653656006 13.531647622585297
L_pinky 364.57141876220703 -152.30712890625 29.405498504638672
R_pinky 289.4769287109375 -242.16665267944336 16.15229845046997
L_index 364.6287536621094 -145.8946180343628 29.160791635513306
R_index 297.2488021850586 -235.79581260681152 17.878727614879608
L_thumb 362.1820068359375 -149.36206340789795 24.43295270204544
R_thumb 295.8134460449219 -231.34686470031738 13.93945962190628
L_Hip 344.1010284423828 -251.8728733062744 -5.29794879257679
R_Hip 301.08083724975586 -254.53628540039062 5.2955616265535355
nose 342.4500274658203 -106.10519886016846 21.138589084148407
L_eye_inner 343.4352493286133 -98.27572345733643 18.432050943374634
L_eye 344.53857421875 -98.5478925704956 18.436601758003235
L_eye_outer 345.5824279785156 -98.85425090789795 18.444107472896576
R_eye_inner 337.89649963378906 -97.4342393875122 20.874877274036407
R_eye 334.92069244384766 -97.09198236465454 20.875604450702667
R_eye_outer 331.3698196411133 -96.76870107650757 20.882587134838104
L_ear 342.81070709228516 -102.51059532165527 3.455405682325363
R_ear 319.46054458618164 -98.76530170440674 14.916327595710754
L_mouth 342.5074005126953 -114.71114158630371 15.227553248405457
R_mouth 335.55137634277344 -113.28376293182373 18.582651019096375
L_Shoulder 352.25067138671875 -146.0071849822998 -8.824656158685684
R_Shoulder 285.53165435791016 -137.76919841766357 8.272723853588104
L_Elbow 363.51417541503906 -206.96893215179443 -2.6547694578766823
R_Elbow 247.91852951049805 -189.90373134613037 6.713242083787918
L_Wrist 366.8370819091797 -165.7658815383911 24.310505390167236
R_Wrist 282.0273780822754 -227.82490253448486 12.34193667769432
L_pinky 364.6446990966797 -153.05444240570068 29.895704984664917
R_pinky 290.56692123413086 -242.45450019836426 14.920105040073395
L_index 364.69676971435547 -146.70958042144775 30.037200450897217
R_index 298.2699203491211 -235.89526176452637 16.732925176620483
L_thumb 362.6868438720703 -150.24217128753662 25.206542015075684
R_thumb 296.76504135131836 -231.44376754760742 12.77448832988739
L_Hip 344.1635513305664 -251.2250804901123 -5.387967824935913
R_Hip 301.18444442749023 -254.25742149353027 5.387185141444206
nose 343.1163787841797 -106.11961126327515 20.889127254486084
L_eye_inner 344.1999816894531 -98.3362340927124 18.18813383579254
L_eye 345.2827453613281 -98.60682249069214 18.192677199840546
L_eye_outer 346.2993621826172 -98.91982555389404 18.201100826263428
R_eye_inner 338.6177444458008 -97.48933553695679 20.59342861175537
R_eye 335.65013885498047 -97.11672306060791 20.594099164009094
R_eye_outer 332.2148132324219 -96.75475358963013 20.60067355632782
L_ear 342.9751968383789 -102.58383750915527 2.913675829768181
R_ear 320.4207229614258 -98.73474597930908 14.314576983451843
L_mouth 342.9054260253906 -114.76221799850464 14.82078731060028
R_mouth 335.8810806274414 -113.30625057220459 18.28390210866928
L_Shoulder 352.4578094482422 -146.07314586639404 -9.08905416727066
R_Shoulder 285.67968368530273 -137.6233148574829 7.71394819021225
L_Elbow 363.60939025878906 -207.51534461975098 -3.443285822868347
R_Elbow 247.99884796142578 -190.41707038879395 6.384489685297012
L_Wrist 368.2749938964844 -165.68896293640137 22.807881236076355
R_Wrist 282.86218643188477 -227.9294729232788 12.064482271671295
L_pinky 365.0763702392578 -153.0943250656128 28.327378630638123
R_pinky 291.6326332092285 -242.91000366210938 14.643090963363647
L_index 365.2372360229492 -146.58453941345215 28.394386172294617
R_index 299.1685485839844 -236.03668212890625 16.42824113368988
L_thumb 363.69556427001953 -150.13722896575928 23.65000545978546
R_thumb 297.83239364624023 -231.54563426971436 12.490026652812958
L_Hip 344.16770935058594 -251.23177528381348 -5.359383672475815
R_Hip 301.1995315551758 -254.2038059234619 5.358889698982239
nose 344.21287536621094 -106.1547589302063 17.908304929733276
L_eye_inner 345.0770568847656 -98.39513540267944 15.256702899932861
L_eye 346.0608673095703 -98.66698980331421 15.261383354663849
L_eye_outer 347.0024871826172 -98.98364782333374 15.26978462934494
R_eye_inner 339.630126953125 -97.51095771789551 17.816320061683655
R_eye 336.80782318115234 -97.1056866645813 17.81657636165619
R_eye_outer 333.47564697265625 -96.69222593307495 17.82280206680298
L_ear 343.1023406982422 -102.63917684555054 0.39662616327404976
R_ear 321.8499755859375 -98.57688903808594 12.837158143520355
L_mouth 343.65989685058594 -114.79444742202759 12.096835672855377
R_mouth 336.75533294677734 -113.33659887313843 15.693134069442749
L_Shoulder 353.57505798339844 -146.12503051757812 -10.047735273838043
R_Shoulder 285.7047462463379 -137.51396656036377 7.093577086925507
L_Elbow 363.9269256591797 -208.6373805999756 -3.8515307009220123
R_Elbow 248.1411361694336 -190.860857963562 5.989060923457146
L_Wrist 369.4662094116211 -165.9554386138916 22.168561816215515
R_Wrist 283.7507629394531 -227.97665119171143 11.090657860040665
L_pinky 365.3546142578125 -153.9030933380127 27.729928493499756
R_pinky 292.5506591796875 -243.10174942016602 13.60461413860321
L_index 365.63560485839844 -146.60335063934326 27.664566040039062
R_index 299.95609283447266 -236.14575862884521 15.208408236503601
L_thumb 364.49249267578125 -150.06481647491455 22.948579490184784
R_thumb 298.80462646484375 -231.64239406585693 11.439518630504608
L_Hip 344.1936492919922 -251.35065078735352 -5.2595555782318115
R_Hip 301.21999740600586 -254.14798736572266 5.258716270327568
nose 346.43680572509766 -106.19095802307129 15.624091029167175
L_eye_inner 347.0410919189453 -98.51670742034912 12.97653615474701
L_eye 347.95345306396484 -98.8078236579895 12.979909777641296
L_eye_outer 348.91075134277344 -99.11792993545532 12.98726499080658
R_eye_inner 341.88785552978516 -97.5554609298706 15.768459439277649
R_eye 339.2165756225586 -97.1658182144165 15.76867401599884
R_eye_outer 336.0356140136719 -96.72119379043579 15.774962306022644
L_ear 344.3427276611328 -102.71737575531006 -1.8305018544197083
R_ear 324.48829650878906 -98.48570108413696 11.634115874767303
L_mouth 345.4433059692383 -114.84279155731201 9.842836111783981
R_mouth 338.8489532470703 -113.40492725372314 13.712087273597717
L_Shoulder 354.7499084472656 -146.2123203277588 -12.216943502426147
R_Shoulder 286.4137649536133 -137.34792709350586 6.867228448390961
L_Elbow 365.9331512451172 -208.89068126678467 -5.454081296920776
R_Elbow 249.29134368896484 -190.93899250030518 5.976337194442749
L_Wrist 370.8875274658203 -165.94326496124268 21.1246058344841
R_Wrist 284.501895904541 -227.98729419708252 11.159683763980865
L_pinky 366.5873336791992 -154.24850463867188 26.657670736312866
R_pinky 293.7582015991211 -243.18037033081055 13.595148921012878
L_index 366.8370056152344 -146.44633769989014 26.403754949569702
R_index 300.7210350036621 -236.153826713562 15.05003571510315
L_thumb 365.81764221191406 -149.9211072921753 21.867308020591736
R_thumb 299.60315704345703 -231.66053295135498 11.400049924850464
L_Hip 345.23216247558594 -251.42772674560547 -5.693589523434639
R_Hip 302.1442222595215 -254.0449047088623 5.693847686052322
nose 347.66849517822266 -106.28747463226318 13.414914906024933
L_eye_inner 348.26087951660156 -98.68574380874634 10.779843479394913
L_eye 349.2152786254883 -99.00418996810913 10.78246608376503
L_eye_outer 350.1587677001953 -99.33549642562866 10.789592564105988
R_eye_inner 343.3647918701172 -97.64882326126099 13.62895667552948
R_eye 340.6167984008789 -97.21169471740723 13.629099726676941
R_eye_outer 337.6405715942383 -96.73699378967285 13.635584712028503
L_ear 345.3929901123047 -102.96056270599365 -3.733714297413826
R_ear 326.09046936035156 -98.51948261260986 9.92039144039154
L_mouth 346.6476821899414 -114.86313343048096 7.758757472038269
R_mouth 340.13671875 -113.510262966156 11.70228123664856
L_Shoulder 355.8454132080078 -146.23290538787842 -13.596989214420319
R_Shoulder 287.3982810974121 -137.3060417175293 5.768008902668953
L_Elbow 367.3999786376953 -208.45019817352295 -6.170991063117981
R_Elbow 250.37969589233398 -190.47401905059814 5.752106383442879
L_Wrist 371.65340423583984 -165.53863048553467 20.122508704662323
R_Wrist 284.8612594604492 -227.77374744415283 10.469703376293182
L_pinky 367.6951217651367 -154.06396865844727 25.55205523967743
R_pinky 294.06885147094727 -243.10893058776855 12.73374855518341
L_index 367.85316467285156 -146.25696659088135 25.06793439388275
R_index 300.94738006591797 -236.13043785095215 14.108018577098846
L_thumb 366.77188873291016 -149.34471130371094 20.782358944416046
R_thumb 299.87659454345703 -231.63665771484375 10.664274543523788
L_Hip 346.29138946533203 -251.34527206420898 -5.772837251424789
R_Hip 303.10998916625977 -253.99566650390625 5.772074311971664
nose 349.46998596191406 -106.37919902801514 13.43597024679184
L_eye_inner 350.26561737060547 -98.85418653488159 10.745598375797272
L_eye 351.32850646972656 -99.18664455413818 10.748964548110962
L_eye_outer 352.3277282714844 -99.52572584152222 10.755815356969833
R_eye_inner 345.4042053222656 -97.76473045349121 13.460756838321686
R_eye 342.5138854980469 -97.29082345962524 13.461193442344666
R_eye_outer 339.6051025390625 -96.78985834121704 13.468258082866669
L_ear 348.50528717041016 -103.14761638641357 -4.15072962641716
R_ear 328.6357116699219 -98.63938808441162 8.840958029031754
L_mouth 348.91212463378906 -114.90840911865234 7.637026906013489
R_mouth 342.39025115966797 -113.66502285003662 11.404311656951904
L_Shoulder 358.5714340209961 -146.34294033050537 -14.124605059623718
R_Shoulder 290.1889991760254 -137.0789337158203 4.026368632912636
L_Elbow 370.9458923339844 -208.11490058898926 -6.035225465893745
R_Elbow 252.34416961669922 -189.74236965179443 4.366932809352875
L_Wrist 372.56568908691406 -163.8775634765625 20.881204307079315
R_Wrist 285.3708267211914 -227.54865646362305 9.521936625242233
L_pinky 368.82965087890625 -153.5899829864502 26.438456773757935
R_pinky 294.2966651916504 -242.8967571258545 11.857417970895767
L_index 368.76842498779297 -145.26848316192627 25.95352828502655
R_index 301.10042572021484 -236.01575374603271 13.362136483192444
L_thumb 367.5658416748047 -147.9422664642334 21.54349982738495
R_thumb 300.04343032836914 -231.5574073791504 9.799087792634964
L_Hip 347.26806640625 -251.33846282958984 -5.712680146098137
R_Hip 304.2279624938965 -253.4454345703125 5.711066722869873
nose 350.48763275146484 -106.5204119682312 14.291498064994812
L_eye_inner 351.58985137939453 -99.03900146484375 11.51319146156311
L_eye 352.8218078613281 -99.39009189605713 11.516058444976807
L_eye_outer 353.97621154785156 -99.75968599319458 11.523082107305527
R_eye_inner 346.1892318725586 -97.91120767593384 14.056649804115295
R_eye 343.19236755371094 -97.42094993591309 14.057102799415588
R_eye_outer 340.20408630371094 -96.92856073379517 14.06233161687851
L_ear 351.06311798095703 -103.46318006515503 -3.5868432372808456
R_ear 329.9348449707031 -99.11750793457031 8.587846904993057
L_mouth 350.3550338745117 -114.9505877494812 8.481253683567047
R_mouth 343.27274322509766 -113.8006854057312 12.030242383480072
L_Shoulder 361.21044158935547 -146.71966552734375 -13.474920392036438
R_Shoulder 292.45981216430664 -137.11222171783447 3.1684521585702896
L_Elbow 372.66448974609375 -207.93208122253418 -5.470387265086174
R_Elbow 253.69632720947266 -188.922758102417 2.9561618342995644
L_Wrist 373.6809539794922 -163.02502155303955 21.119360625743866
R_Wrist 286.0015296936035 -227.2004270553589 8.125285804271698
L_pinky 369.6503448486328 -153.2038450241089 26.687821745872498
R_pinky 294.42821502685547 -242.59649276733398 10.494937747716904
L_index 369.6380615234375 -144.67522144317627 26.135405898094177
R_index 301.2300491333008 -235.89041233062744 12.151279300451279
L_thumb 368.4010314941406 -147.30314254760742 21.748678386211395
R_thumb 300.25381088256836 -231.47413730621338 8.488260209560394
L_Hip 348.1050491333008 -251.10033988952637 -5.628076195716858
R_Hip 304.6933937072754 -252.41990089416504 5.627554655075073
nose 350.84434509277344 -106.72638416290283 14.07974660396576
L_eye_inner 352.19764709472656 -99.25448656082153 11.255060136318207
L_eye 353.47801208496094 -99.63276386260986 11.25815361738205
L_eye_outer 354.6695327758789 -100.04681825637817 11.265148222446442
R_eye_inner 346.5636444091797 -98.06257724761963 13.735949993133545
R_eye 343.5448455810547 -97.54523992538452 13.736613094806671
R_eye_outer 340.5168914794922 -97.04533338546753 13.741526007652283
L_ear 351.93992614746094 -103.83981227874756 -3.904391825199127
R_ear 330.44864654541016 -99.3217921257019 8.007155358791351
L_mouth 350.77186584472656 -115.09888172149658 8.274047076702118
R_mouth 343.370361328125 -113.97407054901123 11.741916835308075
L_Shoulder 361.7261505126953 -146.95213794708252 -13.520576059818268
R_Shoulder 293.2450485229492 -137.2267770767212 2.5242749601602554
L_Elbow 373.8471221923828 -207.85677909851074 -5.3223393857479095
R_Elbow 254.4228172302246 -188.76408576965332 2.8722289949655533
L_Wrist 373.6893844604492 -162.76991844177246 21.22092694044113
R_Wrist 286.36011123657227 -226.99353218078613 8.442288637161255
L_pinky 369.6957778930664 -152.8375768661499 26.72627866268158
R_pinky 294.5486068725586 -242.06334114074707 10.56140884757042
L_index 369.84580993652344 -144.30696487426758 26.286521553993225
R_index 301.3761901855469 -235.5682897567749 12.387149035930634
L_thumb 368.6056900024414 -146.95087909698486 21.87355011701584
R_thumb 300.4452133178711 -231.2360715866089 8.810711652040482
L_Hip 349.02000427246094 -251.1064910888672 -5.513828992843628
R_Hip 305.44437408447266 -252.40582466125488 5.511803552508354
nose 353.3434295654297 -107.1688985824585 13.247045874595642
L_eye_inner 355.27008056640625 -99.68703746795654 10.51417589187622
L_eye 356.49208068847656 -100.11724948883057 10.51759272813797
L_eye_outer 357.7682876586914 -100.61991691589355 10.524968802928925
R_eye_inner 349.3903350830078 -98.32935333251953 12.86531388759613
R_eye 346.26102447509766 -97.76465892791748 12.866461277008057
R_eye_outer 343.14292907714844 -97.2174596786499 12.87214607000351
L_ear 355.23521423339844 -104.34113502502441 -4.217634350061417
R_ear 333.25733184814453 -99.51092720031738 7.185953855514526
L_mouth 353.1166458129883 -115.42066097259521 7.602441310882568
R_mouth 345.1768493652344 -114.3052625656128 10.906332731246948
L_Shoulder 364.0070343017578 -147.1426248550415 -13.432666659355164
R_Shoulder 295.5909729003906 -137.3339080810547 1.0594915598630905
L_Elbow 376.5423583984375 -207.74866104125977 -5.030187964439392
R_Elbow 256.72306060791016 -188.26390743255615 1.431284286081791
L_Wrist 375.16422271728516 -161.70634746551514 20.65904438495636
R_Wrist 287.67053604125977 -226.65204048156738 7.824932038784027
L_pinky 371.5591812133789 -151.49129390716553 26.29280686378479
R_pinky 295.3396987915039 -241.3388442993164 10.288111865520477
L_index 371.7583465576172 -143.11164379119873 25.430268049240112
R_index 302.10458755493164 -235.16733169555664 11.878030002117157
L_thumb 370.5040740966797 -145.66929817199707 21.1157888174057
R_thumb 301.3051414489746 -230.96105575561523 8.168551325798035
L_Hip 351.32251739501953 -251.17169380187988 -4.514727368950844
R_Hip 307.61377334594727 -252.19362258911133 4.508419334888458
nose 354.0488052368164 -107.22579002380371 14.212897419929504
L_eye_inner 356.0865020751953 -99.80583429336548 11.456473171710968
L_eye 357.3057174682617 -100.25148868560791 11.459709703922272
L_eye_outer 358.5863494873047 -100.77470541000366 11.466989666223526
R_eye_inner 350.1716613769531 -98.40400457382202 13.580574095249176
R_eye 346.9623565673828 -97.819504737854 13.581955432891846
R_eye_outer 343.8162612915039 -97.25036859512329 13.587498664855957
L_ear 356.0585021972656 -104.49527263641357 -3.417087346315384
R_ear 334.0401077270508 -99.55330610275269 7.567302882671356
L_mouth 353.74900817871094 -115.44257640838623 8.534200489521027
R_mouth 345.75523376464844 -114.33146238327026 11.549849808216095
L_Shoulder 365.11280059814453 -147.145357131958 -12.437056005001068
R_Shoulder 296.49023056030273 -137.324538230896 1.416606642305851
L_Elbow 376.99337005615234 -207.74635791778564 -3.747022897005081
R_Elbow 257.8359031677246 -188.13879489898682 0.9838820435106754
L_Wrist 375.9251403808594 -161.73038005828857 22.762933373451233
R_Wrist 288.1219482421875 -226.61119937896729 7.310019433498383
L_pinky 372.27962493896484 -151.55259132385254 28.53260636329651
R_pinky 295.74947357177734 -241.3077735900879 9.72302332520485
L_index 372.4748229980469 -143.11971187591553 27.80677080154419
R_index 302.4200439453125 -235.10054111480713 11.488475650548935
L_thumb 371.2544250488281 -145.6944465637207 23.277027904987335
R_thumb 301.606388092041 -230.89599609375 7.739719748497009
L_Hip 351.80694580078125 -251.0394287109375 -4.468490183353424
R_Hip 308.0143165588379 -251.7798614501953 4.46380227804184
nose 356.4215850830078 -107.22819328308105 13.206982612609863
L_eye_inner 358.3145523071289 -99.8150110244751 10.41940450668335
L_eye 359.6778106689453 -100.27291059494019 10.422153770923615
L_eye_outer 361.0198974609375 -100.8116626739502 10.429345071315765
R_eye_inner 352.51949310302734 -98.41112852096558 12.697796523571014
R_eye 349.4816589355469 -97.82481908798218 12.699230015277863
R_eye_outer 346.2836456298828 -97.25667715072632 12.705063819885254
L_ear 358.34705352783203 -104.61630821228027 -4.395420104265213
R_ear 336.77879333496094 -99.65166807174683 6.839536875486374
L_mouth 356.52442932128906 -115.44018745422363 7.549334317445755
R_mouth 348.6138153076172 -114.3232011795044 10.760686546564102
L_Shoulder 366.50341033935547 -147.28614807128906 -12.770147621631622
R_Shoulder 299.04809951782227 -137.0886468887329 0.47116363421082497
L_Elbow 378.4566879272461 -207.7356719970703 -3.8786448538303375
R_Elbow 259.10776138305664 -187.55169868469238 0.14204999897629023
L_Wrist 376.86283111572266 -161.56323909759521 22.685694694519043
R_Wrist 288.90186309814453 -226.3802146911621 6.425795704126358
L_pinky 373.1066131591797 -151.4934539794922 28.43458354473114
R_pinky 296.84215545654297 -241.04470252990723 8.794557303190231
L_index 373.48628997802734 -143.0126953125 27.64805257320404
R_index 303.23230743408203 -234.9966287612915 10.48562079668045
L_thumb 372.3264694213867 -145.55007934570312 23.178060352802277
R_thumb 302.49658584594727 -230.79593181610107 6.835396587848663
L_Hip 353.02650451660156 -251.0115909576416 -4.305683448910713
R_Hip 309.4011878967285 -251.42437934875488 4.300455003976822
nose 357.864990234375 -107.28869676589966 13.29994648694992
L_eye_inner 359.8432159423828 -100.04528045654297 10.593385994434357
L_eye 361.28124237060547 -100.5490779876709 10.596543550491333
L_eye_outer 362.6814651489258 -101.14110231399536 10.603345930576324
R_eye_inner 354.0187072753906 -98.5433292388916 13.00106793642044
R_eye 350.98915100097656 -97.93956756591797 13.002234697341919
R_eye_outer 347.7692413330078 -97.33767986297607 13.007992506027222
L_ear 360.0629425048828 -105.05504608154297 -4.228576645255089
R_ear 338.3439636230469 -99.78954792022705 6.809456646442413
L_mouth 357.9439163208008 -115.45142412185669 7.560209929943085
R_mouth 350.03780364990234 -114.33847904205322 11.03156954050064
L_Shoulder 368.24092864990234 -147.42981433868408 -12.057797610759735
R_Shoulder 300.1847839355469 -137.02065467834473 -0.3655361710116267
L_Elbow 379.91783142089844 -207.75908946990967 -2.6208579540252686
R_Elbow 259.9681091308594 -187.0086908340454 -1.8762720748782158
L_Wrist 377.55165100097656 -161.82776927947998 24.03714656829834
R_Wrist 289.5918846130371 -226.23404502868652 3.936729207634926
L_pinky 373.44425201416016 -152.71469593048096 29.88383173942566
R_pinky 297.3764991760254 -240.8013153076172 6.14108219742775
L_index 374.3571090698242 -143.39279651641846 28.956010937690735
R_index 303.7369918823242 -234.8924160003662 7.9688966274261475
L_thumb 373.3067321777344 -145.76767444610596 24.441008269786835
R_thumb 303.02967071533203 -230.68342208862305 4.390128701925278
L_Hip 353.87325286865234 -250.63825607299805 -3.813786059617996
R_Hip 310.3515625 -250.6999397277832 3.807658702135086
nose 359.11338806152344 -107.51339435577393 13.45774233341217
L_eye_inner 361.0819625854492 -100.4937744140625 10.753369331359863
L_eye 362.44510650634766 -101.03455066680908 10.756643861532211
L_eye_outer 363.79539489746094 -101.66483402252197 10.763648897409439
R_eye_inner 355.33485412597656 -98.856360912323 13.164819777011871
R_eye 352.27046966552734 -98.21240186691284 13.16588670015335
R_eye_outer 349.0259552001953 -97.55170583724976 13.171598315238953
L_ear 360.8174133300781 -105.5030608177185 -4.082530364394188
R_ear 339.3666076660156 -99.92789268493652 7.0818983018398285
L_mouth 358.75926971435547 -115.53864240646362 7.71307647228241
R_mouth 350.9503936767578 -114.42867994308472 11.182932555675507
L_Shoulder 368.80043029785156 -147.65318870544434 -12.102580070495605
R_Shoulder 300.9788131713867 -137.02287197113037 0.3149738069623709
L_Elbow 380.6843948364258 -207.77625560760498 -2.9017943888902664
R_Elbow 260.98445892333984 -187.03455448150635 -0.6826895289123058
L_Wrist 378.14281463623047 -161.96202278137207 23.862823843955994
R_Wrist 290.5631637573242 -226.23716354370117 5.170479416847229
L_pinky 374.3157196044922 -152.68150806427002 29.70738410949707
R_pinky 298.16720962524414 -240.80434799194336 7.725272327661514
L_index 375.1191711425781 -143.48015785217285 28.851261734962463
R_index 304.51202392578125 -234.88473415374756 9.459871798753738
L_thumb 374.02870178222656 -145.848126411438 24.30977076292038
R_thumb 303.8253402709961 -230.66898822784424 5.631189793348312
L_Hip 354.40303802490234 -250.63971519470215 -3.923257440328598
R_Hip 311.03702545166016 -250.71358680725098 3.9177685976028442
nose 360.6846618652344 -107.75409936904907 13.833203911781311
L_eye_inner 362.4876403808594 -100.84214687347412 11.130844056606293
L_eye 363.8101577758789 -101.40036106109619 11.13375872373581
L_eye_outer 365.1014709472656 -102.03856945037842 11.140714585781097
R_eye_inner 356.8132781982422 -99.07191038131714 13.506880402565002
R_eye 353.7562942504883 -98.37731838226318 13.508579134941101
R_eye_outer 350.44017791748047 -97.6598310470581 13.514535129070282
L_ear 361.86656951904297 -105.69767475128174 -3.726506605744362
R_ear 340.4663848876953 -99.96150970458984 7.4598900973796844
L_mouth 360.0787353515625 -115.62375068664551 8.087940514087677
R_mouth 352.4765396118164 -114.4971227645874 11.489136517047882
L_Shoulder 369.76097106933594 -147.66151428222656 -12.032176554203033
R_Shoulder 301.6402244567871 -137.03003883361816 0.4005361348390579
L_Elbow 380.9514617919922 -207.96063423156738 -2.8802793473005295
R_Elbow 261.97010040283203 -187.05432415008545 -0.57859281077981
L_Wrist 379.25411224365234 -162.01443672180176 23.98330271244049
R_Wrist 291.17685317993164 -226.24517440795898 5.934770032763481
L_pinky 375.5910110473633 -152.65846252441406 29.786676168441772
R_pinky 298.71524810791016 -240.8796215057373 8.490294218063354
L_index 376.4811706542969 -143.47121715545654 28.984153270721436
R_index 305.1683044433594 -234.8774242401123 10.25180071592331
L_thumb 375.34507751464844 -145.8574104309082 24.470019340515137
R_thumb 304.4576072692871 -230.6409215927124 6.406988203525543
L_Hip 354.8036575317383 -250.86081504821777 -3.993751108646393
R_Hip 311.4080238342285 -250.79867362976074 3.9886929094791412
nose 361.84253692626953 -107.9266905784607 13.23409229516983
L_eye_inner 363.63155364990234 -101.07444763183594 10.49715131521225
L_eye 364.93385314941406 -101.6394853591919 10.500435531139374
L_eye_outer 366.21543884277344 -102.28755712509155 10.507961362600327
R_eye_inner 357.98805236816406 -99.24504518508911 12.786740064620972
R_eye 354.95521545410156 -98.52514743804932 12.7883180975914
R_eye_outer 351.63246154785156 -97.7724552154541 12.794101238250732
L_ear 362.8247833251953 -105.89232444763184 -4.2060486972332
R_ear 341.5620803833008 -100.00332355499268 6.799357384443283
L_mouth 361.0308074951172 -115.73678255081177 7.590742409229279
R_mouth 353.60679626464844 -114.56467866897583 10.842331498861313
L_Shoulder 370.6792449951172 -147.6915693283081 -12.108325958251953
R_Shoulder 302.44396209716797 -136.97908401489258 -0.04411596746649593
L_Elbow 381.4204406738281 -208.02557945251465 -2.932080626487732
R_Elbow 262.5946044921875 -186.98487281799316 -0.5478472448885441
L_Wrist 380.1588439941406 -162.03250408172607 23.83931130170822
R_Wrist 291.6280746459961 -226.26933574676514 6.172413751482964
L_pinky 376.4321517944336 -152.63501644134521 29.664474725723267
R_pinky 299.05508041381836 -240.87896347045898 8.646351099014282
L_index 377.1677017211914 -143.46299171447754 28.80769670009613
R_index 305.48702239990234 -234.84543800354004 10.413239151239395
L_thumb 376.0411071777344 -145.86496353149414 24.307985603809357
R_thumb 304.74353790283203 -230.6240701675415 6.638488173484802
L_Hip 355.4820251464844 -251.04351997375488 -3.8764897733926773
R_Hip 311.94772720336914 -251.00958824157715 3.8703177124261856
nose 364.17457580566406 -108.34190368652344 11.927716434001923
L_eye_inner 366.0411834716797 -101.55247449874878 9.155479818582535
L_eye 367.2641372680664 -102.15155839920044 9.158451855182648
L_eye_outer 368.51158142089844 -102.80294895172119 9.166719019412994
R_eye_inner 360.4096984863281 -99.60378170013428 11.406268179416656
R_eye 357.3244857788086 -98.85498762130737 11.406715959310532
R_eye_outer 354.07142639160156 -98.06223392486572 11.410380899906158
L_ear 364.8934555053711 -106.3172435760498 -5.6359052658081055
R_ear 344.04346466064453 -100.1749062538147 5.3057365119457245
L_mouth 363.13209533691406 -116.07682228088379 6.264908611774445
R_mouth 355.74440002441406 -114.83277082443237 9.445922821760178
L_Shoulder 371.8335723876953 -148.053560256958 -13.593156635761261
R_Shoulder 305.0338363647461 -136.788067817688 -1.5659194439649582
L_Elbow 383.04718017578125 -208.38086128234863 -3.7916921079158783
R_Elbow 264.2598342895508 -185.8720064163208 -1.382195483893156
L_Wrist 383.23482513427734 -162.23021507263184 22.8265643119812
R_Wrist 292.68503189086914 -226.14585399627686 6.097929552197456
L_pinky 379.59571838378906 -152.65076637268066 28.665751218795776
R_pinky 299.96179580688477 -240.72023391723633 8.487040549516678
L_index 379.87876892089844 -143.6154270172119 27.638787031173706
R_index 306.80490493774414 -234.6955919265747 10.244020074605942
L_thumb 378.58848571777344 -145.97159385681152 23.21261614561081
R_thumb 306.099796295166 -230.49395084381104 6.563924252986908
L_Hip 357.24536895751953 -250.8497142791748 -3.6400005221366882
R_Hip 313.64513397216797 -250.86647987365723 3.6306608468294144
nose 364.81693267822266 -108.3742904663086 12.740227580070496
L_eye_inner 366.69578552246094 -101.58733606338501 9.974732249975204
L_eye 367.88623809814453 -102.18733549118042 9.977348893880844
L_eye_outer 369.10377502441406 -102.8369665145874 9.986217319965363
R_eye_inner 361.13285064697266 -99.63742733001709 12.05301284790039
R_eye 358.06339263916016 -98.88577222824097 12.053076922893524
R_eye_outer 354.82486724853516 -98.08331251144409 12.056280672550201
L_ear 365.52085876464844 -106.34921550750732 -4.715773090720177
R_ear 344.80194091796875 -100.18383264541626 5.346765369176865
L_mouth 363.7042236328125 -116.09833002090454 7.137083262205124
R_mouth 356.34521484375 -114.851553440094 10.104100406169891
L_Shoulder 372.98328399658203 -148.0834722518921 -12.487386167049408
R_Shoulder 305.52257537841797 -136.73810005187988 -1.090106274932623
L_Elbow 383.78753662109375 -208.43270301818848 -2.7612879872322083
R_Elbow 264.47195053100586 -185.7707977294922 -1.6809036955237389
L_Wrist 383.79234313964844 -162.42341995239258 23.548229038715363
R_Wrist 293.11182022094727 -226.06618881225586 4.625269398093224
L_pinky 380.11985778808594 -152.98760890960693 29.385074973106384
R_pinky 300.3859519958496 -240.55489540100098 6.759954243898392
L_index 380.4100799560547 -143.97056579589844 28.224140405654907
R_index 307.1918296813965 -234.54261302947998 8.584322780370712
L_thumb 379.1489791870117 -146.30075454711914 23.850718140602112
R_thumb 306.4519691467285 -230.35630702972412 5.0751786679029465
L_Hip 357.55626678466797 -250.6285572052002 -3.6095447838306427
R_Hip 313.96366119384766 -250.66414833068848 3.6006487905979156
nose 364.9048614501953 -108.32570314407349 13.351094722747803
L_eye_inner 366.9677734375 -101.51683330535889 10.510237514972687
L_eye 368.20274353027344 -102.12113857269287 10.513067245483398
L_eye_outer 369.47582244873047 -102.77795076370239 10.522355139255524
R_eye_inner 361.15528106689453 -99.59807395935059 12.462276220321655
R_eye 358.00743103027344 -98.85352849960327 12.462294101715088
R_eye_outer 354.8078155517578 -98.06400775909424 12.464293092489243
L_ear 366.17183685302734 -106.33540391921997 -4.50604148209095
R_ear 345.0324249267578 -100.18181562423706 5.695538967847824
L_mouth 364.07093048095703 -116.09253644943237 7.6332248747348785
R_mouth 356.41632080078125 -114.84186887741089 10.433411598205566
L_Shoulder 373.88465881347656 -148.1348419189453 -12.454085052013397
R_Shoulder 306.0154151916504 -136.6948127746582 -1.4138756319880486
L_Elbow 384.1587829589844 -208.50923538208008 -2.8309497982263565
R_Elbow 264.7648048400879 -185.68774223327637 -2.9033515602350235
L_Wrist 384.46556091308594 -162.42987155914307 23.516905307769775
R_Wrist 293.3099937438965 -226.04345798492432 3.329397365450859
L_pinky 380.75843811035156 -152.9770803451538 29.37392294406891
R_pinky 300.4648971557617 -240.38861274719238 5.503252148628235
L_index 381.1085510253906 -143.97467136383057 28.25540602207184
R_index 307.3733901977539 -234.48482036590576 7.448534667491913
L_thumb 379.8535919189453 -146.30611896514893 23.84038418531418
R_thumb 306.6249465942383 -230.31805515289307 3.832882270216942
L_Hip 357.9690933227539 -250.5402946472168 -3.6059685051441193
R_Hip 314.51894760131836 -250.610933303833 3.5973362624645233
nose 365.72174072265625 -108.22566747665405 13.20330798625946
L_eye_inner 368.0396270751953 -101.2758994102478 10.34054309129715
L_eye 369.32594299316406 -101.85060739517212 10.343614965677261
L_eye_outer 370.6018829345703 -102.48656988143921 10.352715104818344
R_eye_inner 361.9237518310547 -99.40518379211426 12.328636646270752
R_eye 358.7758255004883 -98.63049030303955 12.329020351171494
R_eye_outer 355.69480895996094 -97.84473180770874 12.331614643335342
L_ear 367.56103515625 -106.13099813461304 -4.573165997862816
R_ear 346.0474395751953 -99.99594926834106 5.341141298413277
L_mouth 364.95338439941406 -116.00182771682739 7.564116269350052
R_mouth 357.2121810913086 -114.74838495254517 10.364190489053726
L_Shoulder 375.3984832763672 -148.61579418182373 -12.21894770860672
R_Shoulder 307.3109817504883 -136.62108421325684 -2.021827921271324
L_Elbow 384.97901916503906 -209.05198574066162 -2.536466345191002
R_Elbow 265.49203872680664 -185.5154514312744 -2.921682968735695
L_Wrist 385.78834533691406 -163.05835247039795 23.386800289154053
R_Wrist 294.38709259033203 -225.8150339126587 3.9516665041446686
L_pinky 382.1393585205078 -153.6940097808838 29.27437424659729
R_pinky 300.87223052978516 -240.00921249389648 6.211768463253975
L_index 382.7045440673828 -144.66640949249268 28.195583820343018
R_index 308.125057220459 -234.42159175872803 8.058080822229385
L_thumb 381.54598236083984 -146.87012672424316 23.701271414756775
R_thumb 307.4837112426758 -230.24332523345947 4.433939233422279
L_Hip 358.56849670410156 -250.6468677520752 -3.3310066908597946
R_Hip 315.35388946533203 -250.58813095092773 3.321852907538414
nose 367.1630859375 -107.09179401397705 13.826826214790344
L_eye_inner 369.22874450683594 -100.03677606582642 10.99642738699913
L_eye 370.4920959472656 -100.53380727767944 10.99986582994461
L_eye_outer 371.6919708251953 -101.04607343673706 11.008752882480621
R_eye_inner 363.2988739013672 -98.36349964141846 13.010510802268982
R_eye 360.2257537841797 -97.64182806015015 13.010980188846588
R_eye_outer 357.2686767578125 -96.97916507720947 13.014772534370422
L_ear 368.4726333618164 -105.01158714294434 -3.7384845316410065
R_ear 347.3841094970703 -99.41242218017578 6.1486609280109406
L_mouth 366.3747024536133 -115.15952110290527 8.262942731380463
R_mouth 358.9778518676758 -113.84918689727783 11.116471141576767
L_Shoulder 377.04296112060547 -148.40646743774414 -11.569742113351822
R_Shoulder 308.79663467407227 -136.55701160430908 -1.1355288326740265
L_Elbow 386.5901184082031 -209.20869827270508 -2.5364067405462265
R_Elbow 267.36440658569336 -185.4204511642456 -2.6490990072488785
L_Wrist 386.5111541748047 -163.48232746124268 23.046357929706573
R_Wrist 295.79601287841797 -225.6108570098877 3.5890482366085052
L_pinky 382.7813720703125 -153.88697147369385 28.898367285728455
R_pinky 302.09686279296875 -239.6651029586792 5.744801089167595
L_index 383.4225845336914 -144.92138385772705 27.897316217422485
R_index 309.23389434814453 -234.20177936553955 7.669501006603241
L_thumb 382.2846221923828 -147.16547012329102 23.384806513786316
R_thumb 308.593807220459 -230.03564357757568 4.088813811540604
L_Hip 360.2096939086914 -250.40342330932617 -3.298632800579071
R_Hip 316.8662452697754 -250.3330421447754 3.289281204342842
nose 367.68299102783203 -106.38010740280151 14.352093636989594
L_eye_inner 369.58934783935547 -99.2135739326477 11.56347170472145
L_eye 370.8361053466797 -99.69801664352417 11.567093431949615
L_eye_outer 372.0112609863281 -100.16273260116577 11.576113849878311
R_eye_inner 363.8029098510742 -97.64785051345825 13.513700664043427
R_eye 360.7398223876953 -97.0078182220459 13.515105843544006
R_eye_outer 357.8310775756836 -96.4341402053833 13.519878685474396
L_ear 368.6908721923828 -104.19528007507324 -3.0308369547128677
R_ear 347.75386810302734 -99.07034397125244 6.543075293302536
L_mouth 366.89178466796875 -114.61439609527588 8.845651149749756
R_mouth 359.5840835571289 -113.34699869155884 11.621083319187164
L_Shoulder 377.8084945678711 -148.235821723938 -10.638798773288727
R_Shoulder 309.112606048584 -136.55443668365479 -0.9860891848802567
L_Elbow 386.8434524536133 -209.20979976654053 -1.2200216762721539
R_Elbow 267.86266326904297 -185.42202472686768 -2.250582166016102
L_Wrist 386.74156188964844 -163.49194049835205 24.761435389518738
R_Wrist 295.8306312561035 -225.45249938964844 4.639190435409546
L_pinky 382.9024124145508 -153.89991760253906 30.61247169971466
R_pinky 302.1986961364746 -239.2961883544922 6.798569858074188
L_index 383.5161590576172 -144.92361545562744 29.56066131591797
R_index 309.379940032959 -233.9183235168457 8.725492656230927
L_thumb 382.44335174560547 -147.16625690460205 25.084859132766724
R_thumb 308.70214462280273 -229.8044729232788 5.167899653315544
L_Hip 360.54359436035156 -250.3098964691162 -3.1080231070518494
R_Hip 317.02526092529297 -250.16152381896973 3.0978351831436157
nose 368.17249298095703 -105.88078022003174 15.05686491727829
L_eye_inner 370.09265899658203 -98.6289381980896 12.202388048171997
L_eye 371.37962341308594 -99.14413690567017 12.205872684717178
L_eye_outer 372.5695037841797 -99.62277173995972 12.214948982000351
R_eye_inner 364.26063537597656 -97.06258535385132 14.219821989536285
R_eye 361.24279022216797 -96.477370262146 14.22116905450821
R_eye_outer 358.3405303955078 -95.97438097000122 14.225485920906067
L_ear 369.24049377441406 -103.83055686950684 -2.653685212135315
R_ear 348.15162658691406 -98.78641605377197 7.185322791337967
L_mouth 367.47013092041016 -114.38411951065063 9.446759521961212
R_mouth 360.08228302001953 -113.09499979019165 12.303628772497177
L_Shoulder 378.31146240234375 -147.97551155090332 -10.651008784770966
R_Shoulder 309.43485260009766 -136.5917158126831 -0.5413749255239964
L_Elbow 387.7278518676758 -209.13339614868164 -1.7174610868096352
R_Elbow 268.73043060302734 -185.59747695922852 -2.3933159187436104
L_Wrist 387.3705291748047 -163.53554248809814 23.88717234134674
R_Wrist 296.00189208984375 -225.27382850646973 3.7942759692668915
L_pinky 383.16375732421875 -153.93100261688232 29.704242944717407
R_pinky 302.67248153686523 -238.97862911224365 5.87896890938282
L_index 383.89217376708984 -144.93042469024658 28.61638069152832
R_index 309.88330841064453 -233.4947633743286 7.908398658037186
L_thumb 382.8736114501953 -147.16545581817627 24.203190207481384
R_thumb 309.01790618896484 -229.40910816192627 4.334421455860138
L_Hip 361.2691879272461 -250.3556728363037 -3.1710900366306305
R_Hip 317.7134132385254 -250.15557289123535 3.1613431870937347
nose 368.0264663696289 -105.4089903831482 14.070333540439606
L_eye_inner 369.96898651123047 -98.26076745986938 11.179251968860626
L_eye 371.29005432128906 -98.83910894393921 11.182284355163574
L_eye_outer 372.523193359375 -99.37237501144409 11.190775781869888
R_eye_inner 364.07203674316406 -96.58085346221924 13.073255121707916
R_eye 361.0835647583008 -96.03326082229614 13.074314594268799
R_eye_outer 358.15685272216797 -95.55973291397095 13.077466189861298
L_ear 369.2653274536133 -103.68700504302979 -3.6438681185245514
R_ear 348.02433013916016 -98.5302472114563 5.606389045715332
L_mouth 367.44720458984375 -114.09333229064941 8.500964194536209
R_mouth 359.92919921875 -112.64052629470825 11.180635541677475
L_Shoulder 378.5642623901367 -147.926344871521 -11.303504556417465
R_Shoulder 309.6824264526367 -136.5712594985962 -1.9471559673547745
L_Elbow 388.9731979370117 -209.14940357208252 -2.3515932261943817
R_Elbow 269.80920791625977 -185.88151931762695 -4.344611242413521
L_Wrist 387.54016876220703 -163.63088607788086 22.79146909713745
R_Wrist 296.33052825927734 -225.54176330566406 1.5639562159776688
L_pinky 383.1621551513672 -154.0918207168579 28.63031029701233
R_pinky 303.1988525390625 -239.14242267608643 3.71658094227314
L_index 383.89591217041016 -144.9882173538208 27.564647793769836
R_index 310.22289276123047 -233.49200248718262 5.796325206756592
L_thumb 382.89215087890625 -147.26190090179443 23.10025990009308
R_thumb 309.19403076171875 -229.42182540893555 2.136800065636635
L_Hip 361.69158935546875 -250.18023490905762 -3.162703663110733
R_Hip 318.0641174316406 -249.99629974365234 3.1540263444185257
nose 368.0127716064453 -105.346999168396 13.199052214622498
L_eye_inner 369.9462127685547 -98.21716547012329 10.32976284623146
L_eye 371.2730407714844 -98.8012433052063 10.332776606082916
L_eye_outer 372.51556396484375 -99.34296369552612 10.341174900531769
R_eye_inner 364.04029846191406 -96.5240478515625 12.29947805404663
R_eye 361.0745620727539 -95.97976684570312 12.300199270248413
R_eye_outer 358.1385803222656 -95.50768375396729 12.30328232049942
L_ear 369.24903869628906 -103.6667275428772 -4.341773688793182
R_ear 348.00662994384766 -98.49541425704956 5.2242714911699295
L_mouth 367.4996566772461 -114.04370784759521 7.684627920389175
R_mouth 359.9433898925781 -112.55742073059082 10.460001230239868
L_Shoulder 378.5392761230469 -147.92349815368652 -11.934219300746918
R_Shoulder 309.7050476074219 -136.58414840698242 -1.969500444829464
L_Elbow 389.14791107177734 -209.13733005523682 -3.258911892771721
R_Elbow 269.9933433532715 -185.9026050567627 -4.062459245324135
L_Wrist 387.58533477783203 -163.58327865600586 21.45407497882843
R_Wrist 296.3656997680664 -225.56702613830566 1.798037812113762
L_pinky 383.1941223144531 -153.98945331573486 27.205121517181396
R_pinky 303.250675201416 -239.15037631988525 3.9517302066087723
L_index 383.89686584472656 -144.87650871276855 26.134568452835083
R_index 310.28438568115234 -233.49197387695312 5.996057391166687
L_thumb 382.8901672363281 -147.18867301940918 21.769213676452637
R_thumb 309.220027923584 -229.42095279693604 2.3600002750754356
L_Hip 361.7119598388672 -250.3718376159668 -3.167111426591873
R_Hip 318.12734603881836 -250.04891395568848 3.1584884971380234
nose 368.02005767822266 -105.23044109344482 13.278219103813171
L_eye_inner 369.93595123291016 -98.14159870147705 10.42819619178772
L_eye 371.2696838378906 -98.7322211265564 10.431472212076187
L_eye_outer 372.5236511230469 -99.28415536880493 10.440107434988022
R_eye_inner 364.0256881713867 -96.4415431022644 12.418236583471298
R_eye 361.0980987548828 -95.90308427810669 12.418947368860245
R_eye_outer 358.15502166748047 -95.43633699417114 12.422342598438263
L_ear 369.2477035522461 -103.62705945968628 -4.217863455414772
R_ear 348.0193328857422 -98.45762729644775 5.411722511053085
L_mouth 367.5940704345703 -113.93799304962158 7.774842530488968
R_mouth 360.00545501708984 -112.41617918014526 10.579483211040497
L_Shoulder 378.54618072509766 -147.89088249206543 -11.886690557003021
R_Shoulder 309.7447204589844 -136.56805515289307 -1.8759114667773247
L_Elbow 389.21436309814453 -209.1373872756958 -3.2285504043102264
R_Elbow 270.1798629760742 -185.92004299163818 -3.937385231256485
L_Wrist 387.6018524169922 -163.56009006500244 21.761688590049744
R_Wrist 296.39251708984375 -225.64268589019775 1.9909236580133438
L_pinky 383.19271087646484 -153.92130374908447 27.5262713432312
R_pinky 303.2731246948242 -239.2542314529419 4.146022722125053
L_index 383.8917541503906 -144.8486566543579 26.436930894851685
R_index 310.3292465209961 -233.5646152496338 6.197286397218704
L_thumb 382.88246154785156 -147.15569972991943 22.072768211364746
R_thumb 309.2567443847656 -229.48435306549072 2.5574246421456337
L_Hip 361.7218780517578 -250.3421974182129 -3.1367726624011993
R_Hip 318.1545639038086 -249.90912437438965 3.128105029463768
nose 368.0107879638672 -104.17930126190186 14.015170931816101
L_eye_inner 369.9156188964844 -97.58420705795288 11.134231090545654
L_eye 371.28440856933594 -98.20541381835938 11.137306690216064
L_eye_outer 372.61974334716797 -98.79807472229004 11.145726591348648
R_eye_inner 363.9094924926758 -95.76404571533203 13.091671466827393
R_eye 361.06067657470703 -95.23324728012085 13.092061877250671
R_eye_outer 358.0210494995117 -94.75434064865112 13.094675540924072
L_ear 369.6033477783203 -103.2592248916626 -3.630184754729271
R_ear 347.9718017578125 -98.02720785140991 5.886998772621155
L_mouth 367.7824401855469 -113.38288307189941 8.452177047729492
R_mouth 360.1054382324219 -111.67312860488892 11.217430979013443
L_Shoulder 378.76415252685547 -147.89377212524414 -11.267795413732529
R_Shoulder 310.0284194946289 -136.51140689849854 -1.3911274261772633
L_Elbow 389.46483612060547 -209.14556980133057 -2.5196855887770653
R_Elbow 270.52928924560547 -186.22075080871582 -3.0435647815465927
L_Wrist 388.51173400878906 -163.78960132598877 22.686409950256348
R_Wrist 296.72399520874023 -225.71527004241943 3.3190157264471054
L_pinky 384.1385269165039 -153.83275508880615 28.54812443256378
R_pinky 303.6517906188965 -239.26122665405273 5.633212998509407
L_index 384.6006774902344 -144.9321985244751 27.63882577419281
R_index 310.8169937133789 -233.55318546295166 7.599620521068573
L_thumb 383.6167526245117 -147.38343715667725 23.085761070251465
R_thumb 309.66419219970703 -229.4767141342163 3.871898725628853
L_Hip 361.8401336669922 -251.24825477600098 -3.2029051333665848
R_Hip 318.5007858276367 -250.55731773376465 3.1943179666996
nose 368.05816650390625 -104.418203830719 14.194139838218689
L_eye_inner 369.95845794677734 -97.7333664894104 11.295993626117706
L_eye 371.3417434692383 -98.33887338638306 11.299337446689606
L_eye_outer 372.68096923828125 -98.92263650894165 11.307716369628906
R_eye_inner 363.95957946777344 -95.88779926300049 13.31966519355774
R_eye 361.12194061279297 -95.3121829032898 13.319984078407288
R_eye_outer 358.09669494628906 -94.79378700256348 13.323110342025757
L_ear 369.63279724121094 -103.34265947341919 -3.5965390503406525
R_ear 348.01185607910156 -98.02475452423096 6.224008277058601
L_mouth 367.81681060791016 -113.54355812072754 8.568976819515228
R_mouth 360.1468276977539 -111.82110786437988 11.423027515411377
L_Shoulder 378.8050842285156 -147.89216995239258 -11.298008263111115
R_Shoulder 310.01708984375 -136.5343952178955 -1.0832682251930237
L_Elbow 389.46361541748047 -209.17063236236572 -2.4269698187708855
R_Elbow 270.52734375 -186.2927770614624 -2.707727812230587
L_Wrist 388.6173629760742 -163.82658004760742 23.4576016664505
R_Wrist 296.8096923828125 -225.7247257232666 3.6974113434553146
L_pinky 384.22191619873047 -153.9472532272339 29.447996616363525
R_pinky 303.7422180175781 -239.2948865890503 6.0465313494205475
L_index 384.6723175048828 -144.99162197113037 28.538095951080322
R_index 310.91625213623047 -233.56468677520752 8.006303757429123
L_thumb 383.70155334472656 -147.40755558013916 23.877373337745667
R_thumb 309.7660446166992 -229.48352336883545 4.240364953875542
L_Hip 361.8511962890625 -251.2891674041748 -3.24597992002964
R_Hip 318.52245330810547 -250.71799278259277 3.2383181154727936
nose 368.29673767089844 -104.62861061096191 13.512244820594788
L_eye_inner 370.0822448730469 -97.85425901412964 10.592727363109589
L_eye 371.46095275878906 -98.4333872795105 10.596062988042831
L_eye_outer 372.78636932373047 -98.99848222732544 10.604516416788101
R_eye_inner 364.1590881347656 -96.05109930038452 12.68748939037323
R_eye 361.37542724609375 -95.43997764587402 12.687885761260986
R_eye_outer 358.3787155151367 -94.88599061965942 12.690667808055878
L_ear 369.6367645263672 -103.37072610855103 -4.391440749168396
R_ear 348.10291290283203 -98.02040576934814 5.730872228741646
L_mouth 367.9628372192383 -113.65777015686035 7.863377034664154
R_mouth 360.361328125 -111.95678472518921 10.815145075321198
L_Shoulder 378.84727478027344 -147.81972885131836 -12.150472402572632
R_Shoulder 310.0076675415039 -136.53729915618896 -1.448780857026577
L_Elbow 389.4525909423828 -209.1735076904297 -3.1865671277046204
R_Elbow 270.5086898803711 -186.38291358947754 -3.0243178829550743
L_Wrist 388.8093566894531 -163.82858276367188 22.8763610124588
R_Wrist 296.9114685058594 -225.72369575500488 3.0051544308662415
L_pinky 384.31007385253906 -153.99633407592773 28.917139768600464
R_pinky 303.8553237915039 -239.30999279022217 5.263879895210266
L_index 384.759521484375 -144.9989891052246 28.071466088294983
R_index 311.00881576538086 -233.56202602386475 7.260721921920776
L_thumb 383.8089370727539 -147.3975706100464 23.32495003938675
R_thumb 309.852352142334 -229.46741580963135 3.5453658550977707
L_Hip 361.89891815185547 -251.32824897766113 -3.2791156321763992
R_Hip 318.6073303222656 -250.7991886138916 3.2712645828723907
nose 367.15187072753906 -104.5341968536377 14.73304033279419
L_eye_inner 369.1972351074219 -97.73478269577026 11.780624091625214
L_eye 370.7273864746094 -98.30931901931763 11.783935874700546
L_eye_outer 372.24613189697266 -98.8771104812622 11.792762577533722
R_eye_inner 363.1327438354492 -95.87752103805542 13.684381544589996
R_eye 360.3418731689453 -95.25766611099243 13.684764504432678
R_eye_outer 357.3016357421875 -94.68722820281982 13.68735134601593
L_ear 369.4614028930664 -103.24068546295166 -3.2941117882728577
R_ear 347.4915313720703 -97.66784906387329 6.0286857187747955
L_mouth 367.6003646850586 -113.50382566452026 9.082229435443878
R_mouth 359.6720886230469 -111.75854444503784 11.771675199270248
L_Shoulder 378.87779235839844 -147.51849174499512 -11.257006973028183
R_Shoulder 309.96252059936523 -136.55944347381592 -1.2772664427757263
L_Elbow 389.5047378540039 -209.04404640197754 -2.967628836631775
R_Elbow 270.49306869506836 -186.51527881622314 -3.5025134682655334
L_Wrist 388.99017333984375 -163.52993488311768 21.98483943939209
R_Wrist 296.9980812072754 -225.76841354370117 2.156989462673664
L_pinky 384.3564224243164 -153.90668392181396 27.864450216293335
R_pinky 303.8472557067871 -239.4149923324585 4.3997447937726974
L_index 384.7675323486328 -144.93082523345947 26.949959993362427
R_index 311.0354232788086 -233.54232788085938 6.502145528793335
L_thumb 383.83270263671875 -147.29548931121826 22.358915209770203
R_thumb 309.8746871948242 -229.40355777740479 2.753864601254463
L_Hip 361.7633056640625 -251.4803981781006 -3.4213989973068237
R_Hip 318.4225845336914 -250.808744430542 3.4152954816818237
nose 366.31954193115234 -104.22544956207275 15.003839135169983
L_eye_inner 368.66249084472656 -97.53627061843872 12.032832205295563
L_eye 370.30479431152344 -98.14032554626465 12.03627809882164
L_eye_outer 371.8825912475586 -98.72023344039917 12.045389413833618
R_eye_inner 362.42759704589844 -95.56855916976929 13.787499070167542
R_eye 359.51820373535156 -94.91486549377441 13.7880340218544
R_eye_outer 356.5272521972656 -94.37086343765259 13.790152966976166
L_ear 369.40284729003906 -103.12278985977173 -3.0728766694664955
R_ear 347.0087432861328 -97.46518135070801 5.751998350024223
L_mouth 367.0990753173828 -113.23167085647583 9.36724916100502
R_mouth 358.95362854003906 -111.47579669952393 11.861483752727509
L_Shoulder 378.9469528198242 -147.3984718322754 -10.961495339870453
R_Shoulder 309.95235443115234 -136.56516551971436 -1.9844356924295425
L_Elbow 389.5159149169922 -209.02915477752686 -2.6797011494636536
R_Elbow 270.49266815185547 -186.54112815856934 -4.832988604903221
L_Wrist 388.95790100097656 -163.4036350250244 21.989066898822784
R_Wrist 296.9968795776367 -225.6591510772705 0.9373323991894722
L_pinky 384.26849365234375 -153.88750076293945 27.879232168197632
R_pinky 303.80687713623047 -239.26573276519775 3.139965981245041
L_index 384.65293884277344 -144.91912364959717 26.956167817115784
R_index 311.03384017944336 -233.36694717407227 5.280372500419617
L_thumb 383.77586364746094 -147.25972652435303 22.369451820850372
R_thumb 309.87598419189453 -229.1951322555542 1.5728957951068878
L_Hip 361.6082000732422 -251.4777946472168 -3.297695890069008
R_Hip 318.2613754272461 -250.7226848602295 3.2915569841861725
nose 365.5963134765625 -103.8209867477417 15.058061480522156
L_eye_inner 368.0664825439453 -97.2259783744812 12.079380452632904
L_eye 369.8200988769531 -97.87111043930054 12.082785367965698
L_eye_outer 371.43177032470703 -98.46117496490479 12.0916947722435
R_eye_inner 361.6477584838867 -95.18446683883667 13.785949349403381
R_eye 358.63182067871094 -94.53469276428223 13.786342740058899
R_eye_outer 355.62042236328125 -94.03324842453003 13.78842294216156
L_ear 369.24720764160156 -102.87264347076416 -3.0606355518102646
R_ear 346.1754608154297 -97.3615050315857 5.425729230046272
L_mouth 366.6252136230469 -112.77653217315674 9.41758006811142
R_mouth 358.2979202270508 -111.10815525054932 11.84624657034874
L_Shoulder 379.07188415527344 -147.18828678131104 -11.050470918416977
R_Shoulder 309.9531555175781 -136.61447525024414 -2.127651311457157
L_Elbow 389.5178985595703 -208.871111869812 -2.6935040950775146
R_Elbow 270.4916000366211 -186.59574508666992 -4.789714142680168
L_Wrist 388.82678985595703 -163.20785522460938 21.99648916721344
R_Wrist 296.9992446899414 -225.6396245956421 1.1126892641186714
L_pinky 384.1617965698242 -153.76389026641846 27.885669469833374
R_pinky 303.79947662353516 -239.25536155700684 3.3600401133298874
L_index 384.5134735107422 -144.85286235809326 26.960819959640503
R_index 311.02954864501953 -233.2938051223755 5.469667166471481
L_thumb 383.69632720947266 -147.16745853424072 22.37265110015869
R_thumb 309.8769187927246 -229.1149377822876 1.7364127561450005
L_Hip 361.5082550048828 -251.48079872131348 -3.3128350973129272
R_Hip 318.1243324279785 -250.65178871154785 3.307173401117325
nose 363.3155059814453 -103.4217095375061 15.479299426078796
L_eye_inner 365.9343719482422 -96.80246114730835 12.54279613494873
L_eye 367.85205841064453 -97.44664907455444 12.546271085739136
L_eye_outer 369.6028518676758 -97.99022197723389 12.555468082427979
R_eye_inner 359.17640686035156 -94.84532833099365 14.123035967350006
R_eye 356.18629455566406 -94.23848390579224 14.123760163784027
R_eye_outer 352.9991912841797 -93.77284526824951 14.125652611255646
L_ear 367.61791229248047 -102.48287916183472 -2.5219034403562546
R_ear 343.84525299072266 -97.38645315170288 4.591132700443268
L_mouth 364.49737548828125 -112.33190059661865 9.85431894659996
R_mouth 356.2125015258789 -110.82074403762817 12.096713483333588
L_Shoulder 378.96812438964844 -146.88759326934814 -10.53888350725174
R_Shoulder 309.7879409790039 -136.96862697601318 -3.327115997672081
L_Elbow 389.1924285888672 -208.88264179229736 -2.0984765142202377
R_Elbow 270.40884017944336 -186.7577075958252 -5.803133174777031
L_Wrist 387.6249694824219 -163.5494899749756 22.473403811454773
R_Wrist 296.54083251953125 -225.28939247131348 0.13844742206856608
L_pinky 383.48365783691406 -153.99872303009033 28.311583399772644
R_pinky 303.05944442749023 -238.70477199554443 2.2941026836633682
L_index 383.9314651489258 -145.1181936264038 27.351894974708557
R_index 310.4414367675781 -232.75872230529785 4.455061256885529
L_thumb 383.0895233154297 -147.52899169921875 22.797277569770813
R_thumb 309.41104888916016 -228.65319728851318 0.7878674194216728
L_Hip 360.9720230102539 -251.4565944671631 -3.028874099254608
R_Hip 317.6155090332031 -250.6794548034668 3.0230045318603516
nose 358.26080322265625 -101.9146728515625 21.3448166847229
L_eye_inner 361.1972427368164 -95.61480045318604 18.386180698871613
L_eye 363.26663970947266 -96.26081228256226 18.389955163002014
L_eye_outer 365.52879333496094 -96.87195539474487 18.39911937713623
R_eye_inner 354.13700103759766 -93.99824380874634 19.391117990016937
R_eye 350.6869888305664 -93.57824563980103 19.390946626663208
R_eye_outer 347.3816680908203 -93.3432412147522 19.39217746257782
L_ear 365.70728302001953 -101.6197943687439 2.674356661736965
R_ear 339.8793029785156 -97.37879991531372 7.585209608078003
L_mouth 360.6861114501953 -111.64615631103516 15.528832376003265
R_mouth 351.6288375854492 -110.14805316925049 16.97860360145569
L_Shoulder 378.9666748046875 -146.62270545959473 -5.998128652572632
R_Shoulder 308.4884262084961 -137.54251956939697 -1.4632567763328552
L_Elbow 399.6260070800781 -203.45486640930176 3.430669382214546
R_Elbow 268.61759185791016 -184.86979007720947 -5.267198756337166
L_Wrist 388.98963928222656 -163.787841796875 30.200499296188354
R_Wrist 291.1099624633789 -216.4924192428589 2.8108078986406326
L_pinky 383.6097717285156 -154.9031925201416 36.35854125022888
R_pinky 297.74221420288086 -228.43597412109375 5.279992893338203
L_index 383.95729064941406 -145.72325706481934 35.2973610162735
R_index 304.8659324645996 -223.53800296783447 7.476606220006943
L_thumb 383.1727600097656 -148.04360389709473 30.431783199310303
R_thumb 303.84532928466797 -219.209246635437 3.5413913428783417
L_Hip 360.24940490722656 -251.0829734802246 -2.301955595612526
R_Hip 316.5606117248535 -250.0861930847168 2.3028258234262466
nose 358.20655822753906 -101.87983989715576 20.113477110862732
L_eye_inner 360.7391357421875 -95.60381412506104 17.144757509231567
L_eye 362.6678466796875 -96.22665166854858 17.14722365140915
L_eye_outer 364.7837448120117 -96.82525634765625 17.15540438890457
R_eye_inner 353.80104064941406 -94.00567531585693 18.368440866470337
R_eye 350.25474548339844 -93.58707904815674 18.368777632713318
R_eye_outer 346.92325592041016 -93.38082790374756 18.36877018213272
L_ear 364.6228790283203 -101.56471252441406 1.556018553674221
R_ear 338.9808654785156 -97.43712902069092 7.46496394276619
L_mouth 360.5922317504883 -111.58125400543213 14.345064759254456
R_mouth 351.69811248779297 -110.14873266220093 16.085785627365112
L_Shoulder 378.64830017089844 -146.63015842437744 -7.126219570636749
R_Shoulder 307.6835060119629 -138.08924674987793 -1.1554455384612083
L_Elbow 403.1789779663086 -200.9989070892334 2.8562720865011215
R_Elbow 267.2295570373535 -183.04397106170654 -3.3867768943309784
L_Wrist 393.28521728515625 -163.51803302764893 30.868321657180786
R_Wrist 285.57769775390625 -211.91027641296387 6.355206668376923
L_pinky 388.0369567871094 -153.92968654632568 37.07563877105713
R_pinky 291.81665420532227 -224.13528442382812 8.98519903421402
L_index 387.4784469604492 -145.03636837005615 35.96448600292206
R_index 298.8863182067871 -218.88816833496094 11.008970439434052
L_thumb 386.1953353881836 -147.83014297485352 31.140941381454468
R_thumb 298.6287307739258 -214.69573974609375 7.031695544719696
L_Hip 359.8558044433594 -249.08357620239258 -2.28020753711462
R_Hip 316.24691009521484 -247.30834007263184 2.2803351283073425
nose 355.1655578613281 -100.9869933128357 10.723234713077545
L_eye_inner 358.0327606201172 -94.73040819168091 7.691064476966858
L_eye 359.96463775634766 -95.31115293502808 7.693345844745636
L_eye_outer 361.7517852783203 -95.8525800704956 7.699989527463913
R_eye_inner 350.7038116455078 -93.31479549407959 8.763469010591507
R_eye 347.5241470336914 -93.01307916641235 8.765368163585663
R_eye_outer 343.95442962646484 -92.91290760040283 8.761058002710342
L_ear 362.0618438720703 -100.33633232116699 -6.757535040378571
R_ear 336.7198944091797 -97.12306022644043 -1.1952116154134274
L_mouth 357.46681213378906 -110.74705839157104 5.550795793533325
R_mouth 348.0714797973633 -109.26762342453003 7.135869562625885
L_Shoulder 378.12931060791016 -146.59335136413574 -12.59097158908844
R_Shoulder 305.5494689941406 -138.31543922424316 -6.718443334102631
L_Elbow 411.4390563964844 -194.38592433929443 1.715352013707161
R_Elbow 265.3230857849121 -180.4240608215332 -0.4765021614730358
L_Wrist 403.80992889404297 -161.3748836517334 29.044625163078308
R_Wrist 267.4420166015625 -193.05909633636475 18.73684972524643
L_pinky 398.6695098876953 -149.23380374908447 35.14609634876251
R_pinky 269.17816162109375 -206.73222541809082 22.624340653419495
L_index 396.806640625 -142.71238803863525 34.33341681957245
R_index 276.9050979614258 -201.82498455047607 24.2616206407547
L_thumb 396.07688903808594 -145.84905624389648 29.43783402442932
R_thumb 279.0737533569336 -198.14114570617676 19.640658795833588
L_Hip 359.7126007080078 -248.73764991760254 -1.9846625626087189
R_Hip 315.71130752563477 -246.59414291381836 1.9838862121105194
nose 352.9566192626953 -100.85183143615723 12.25937008857727
L_eye_inner 355.9170150756836 -94.46072816848755 9.19429212808609
L_eye 358.12843322753906 -95.01337766647339 9.196663647890091
L_eye_outer 360.08251190185547 -95.52294731140137 9.202715754508972
R_eye_inner 348.4952926635742 -93.21923017501831 10.229156166315079
R_eye 345.0650405883789 -92.98358917236328 10.230936110019684
R_eye_outer 341.63734436035156 -92.90947437286377 10.22559180855751
L_ear 360.6604766845703 -99.94211912155151 -5.8426715433597565
R_ear 335.164794921875 -97.10476398468018 -0.5572865717113018
L_mouth 355.66566467285156 -110.70441484451294 6.851471960544586
R_mouth 345.9029006958008 -109.22393560409546 8.385799825191498
L_Shoulder 378.11187744140625 -146.58628463745117 -12.039963155984879
R_Shoulder 305.1106262207031 -138.31292152404785 -6.442879140377045
L_Elbow 415.07762908935547 -190.1851987838745 3.380044177174568
R_Elbow 265.45190811157227 -178.1660556793213 2.358821779489517
L_Wrist 411.37149810791016 -158.84541034698486 33.278077840805054
R_Wrist 258.8334083557129 -183.70739936828613 26.034998893737793
L_pinky 406.07521057128906 -147.08786487579346 39.86976742744446
R_pinky 256.9183921813965 -195.28554439544678 30.51639199256897
L_index 403.33667755126953 -140.9331750869751 38.53030800819397
R_index 265.04207611083984 -191.54478549957275 32.42972493171692
L_thumb 403.21861267089844 -143.77588748931885 33.56274962425232
R_thumb 267.957763671875 -188.13674926757812 27.229848504066467
L_Hip 360.07774353027344 -248.72154235839844 -1.7274832352995872
R_Hip 315.939884185791 -246.79512977600098 1.7284106463193893
nose 351.2645721435547 -100.58534860610962 13.160088658332825
L_eye_inner 353.9524459838867 -94.05519962310791 9.94311198592186
L_eye 356.0874557495117 -94.50491666793823 9.94517132639885
L_eye_outer 358.2787322998047 -94.9400281906128 9.95272472500801
R_eye_inner 346.6581726074219 -93.14203977584839 11.638649553060532
R_eye 343.01368713378906 -92.97683000564575 11.639636754989624
R_eye_outer 340.0170135498047 -92.91325807571411 11.637790501117706
L_ear 359.1881561279297 -99.25106763839722 -5.085379630327225
R_ear 333.8352966308594 -97.10653066635132 0.8419720456004143
L_mouth 354.3888854980469 -110.34602880477905 7.075338810682297
R_mouth 344.38743591308594 -108.93004417419434 9.7128227353096
L_Shoulder 378.1162643432617 -146.47514820098877 -9.098439663648605
R_Shoulder 305.0191307067871 -138.31067562103271 -5.326583236455917
L_Elbow 417.3611068725586 -184.8854684829712 8.663264662027359
R_Elbow 265.56833267211914 -173.51689338684082 6.014392897486687
L_Wrist 416.40830993652344 -154.7913408279419 38.67725729942322
R_Wrist 251.75798416137695 -178.7409782409668 32.02929496765137
L_pinky 411.80809020996094 -144.18012142181396 45.28553485870361
R_pinky 243.57437133789062 -188.03250789642334 36.91486716270447
L_index 408.42105865478516 -138.48272323608398 44.16208267211914
R_index 252.52197265625 -184.61520195007324 39.004939794540405
L_thumb 408.11607360839844 -141.5465211868286 39.04935121536255
R_thumb 256.5428161621094 -182.12378025054932 33.495378494262695
L_Hip 360.87528228759766 -248.65107536315918 -1.2909884564578533
R_Hip 316.4017677307129 -246.93577766418457 1.2914369814097881
nose 348.9272689819336 -102.22104549407959 13.602682948112488
L_eye_inner 352.12520599365234 -95.22624492645264 10.025284439325333
L_eye 354.40269470214844 -95.51871299743652 10.021641105413437
L_eye_outer 356.9091033935547 -95.91437101364136 10.040199756622314
R_eye_inner 344.04502868652344 -94.86801624298096 12.146113067865372
R_eye 340.7042694091797 -95.01647472381592 12.147518247365952
R_eye_outer 337.97019958496094 -95.17146348953247 12.14369684457779
L_ear 359.1187286376953 -100.39263010025024 -2.343226969242096
R_ear 332.5566864013672 -99.85108852386475 0.14191719237715006
L_mouth 352.93846130371094 -111.4340615272522 8.632832765579224
R_mouth 342.3535919189453 -110.47988891601562 10.250402987003326
L_Shoulder 378.69789123535156 -146.47456169128418 -4.861218482255936
R_Shoulder 305.11417388916016 -140.64341068267822 -6.3526928424835205
L_Elbow 425.3217315673828 -168.05223941802979 14.56001102924347
R_Elbow 261.81203842163086 -161.37808799743652 2.7368132025003433
L_Wrist 428.88893127441406 -146.8553352355957 43.93116533756256
R_Wrist 221.9248390197754 -159.33749198913574 22.835281491279602
L_pinky 425.96912384033203 -138.74473571777344 49.927306175231934
R_pinky 207.50877380371094 -158.22744369506836 27.00757384300232
L_index 419.9140930175781 -132.65210151672363 49.2320716381073
R_index 209.59484100341797 -157.02934741973877 29.35977280139923
L_thumb 418.94874572753906 -135.4418706893921 44.50666308403015
R_thumb 215.14625549316406 -158.7182092666626 24.462489783763885
L_Hip 362.77015686035156 -247.68359184265137 0.1950275502167642
R_Hip 317.43566513061523 -247.00993537902832 -0.1995958387851715
CAMERA: init position verified
Training: finish waving
Training: start exercises
TRAINING: Exercise  raise_arms_horizontally  start
CAMERA: Exercise  raise_arms_horizontally  start
ROBOT: Exercise  raise_arms_horizontally  start
ROBOT: Exercise  raise_arms_horizontally  done
TRAINING: Exercise  raise_arms_horizontally  done
CAMERA: Exercise    done
TRAINING: Exercise  raise_arms_bend_elbows  start
CAMERA: Exercise  raise_arms_bend_elbows  start
ROBOT: Exercise  raise_arms_bend_elbows  start
ROBOT: Exercise  raise_arms_bend_elbows  done
TRAINING: Exercise  raise_arms_bend_elbows  done
CAMERA: Exercise    done
TRAINING: Exercise  open_and_close_arms  start
CAMERA: Exercise  open_and_close_arms  start
ROBOT: Exercise  open_and_close_arms  start
ROBOT: Exercise  open_and_close_arms  done
TRAINING: Exercise  open_and_close_arms  done
CAMERA: Exercise    done
TRAINING: Exercise  bend_elbows  start
CAMERA: Exercise  bend_elbows  start
ROBOT: Exercise  bend_elbows  start
ROBOT: Exercise  bend_elbows  done
TRAINING: Exercise  bend_elbows  done
CAMERA: Exercise    done
TRAINING: Exercise  raise_arms_forward  start
CAMERA: Exercise  raise_arms_forward  start
ROBOT: Exercise  raise_arms_forward  start
ROBOT: Exercise  raise_arms_forward  done
TRAINING: Exercise  raise_arms_forward  done
CAMERA: Exercise    done
TRAINING: Exercise  open_and_close_arms_90  start
CAMERA: Exercise  open_and_close_arms_90  start
ROBOT: Exercise  open_and_close_arms_90  start
1
ROBOT: Exercise  open_and_close_arms_90  done
TRAINING: Exercise  open_and_close_arms_90  done
CAMERA: Exercise    done
Robot Done
Camera Done
TRAINING DONE
